date,ticker,signal,entry_price,stop_loss,target_price,trade_status,close_time,pnl
2024-12-27 12:45:00+05:30,BCHUSDT,SELL,444.1,449.0,434.30000000000007,FAIL,2024-12-27 14:30:00+05:30,-110.33551002026519
2024-12-27 12:45:00+05:30,GMTUSDT,SELL,0.1715,0.1795,0.15550000000000005,FAIL,2024-12-27 14:45:00+05:30,-466.47230320699583
2024-12-27 13:30:00+05:30,STGUSDT,BUY,0.3627,0.3553,0.37750000000000006,FAIL,2024-12-28 05:45:00+05:30,-204.02536531568836
2024-12-27 15:15:00+05:30,ACXUSDT,SELL,0.6483,0.669,0.6068999999999999,FAIL,2024-12-27 18:30:00+05:30,-319.2966219342905
2024-12-27 15:45:00+05:30,ALTUSDT,SELL,0.11809,0.12092,0.11243,PASS,2024-12-28 16:30:00+05:30,479.29545262088226
2024-12-27 15:45:00+05:30,AMBUSDT,SELL,0.00756,0.00772,0.007239999999999999,FAIL,2024-12-28 18:45:00+05:30,-211.6402116402122
2024-12-27 15:45:00+05:30,BAKEUSDT,SELL,0.2656,0.2699,0.25700000000000006,PASS,2024-12-27 20:45:00+05:30,323.7951807228893
2024-12-27 15:45:00+05:30,CTSIUSDT,SELL,0.1613,0.1633,0.1573,PASS,2024-12-27 20:00:00+05:30,247.98512089274666
2024-12-27 15:45:00+05:30,IOUSDT,SELL,2.984,3.062,2.8280000000000003,FAIL,2024-12-27 17:30:00+05:30,-261.3941018766751
2024-12-27 15:45:00+05:30,ORDIUSDT,SELL,26.77,27.36,25.59,FAIL,2024-12-29 07:45:00+05:30,-220.39596563317141
2024-12-27 15:45:00+05:30,PHBUSDT,SELL,1.537,1.566,1.4789999999999996,FAIL,2024-12-27 18:00:00+05:30,-188.67924528301978
2024-12-27 15:45:00+05:30,VICUSDT,SELL,0.402,0.4079,0.3902000000000001,PASS,2024-12-27 21:30:00+05:30,293.53233830845573
2024-12-27 15:45:00+05:30,VTHOUSDT,SELL,0.00281,0.002882,0.002666,FAIL,2024-12-27 17:30:00+05:30,-256.2277580071175
2024-12-27 16:00:00+05:30,KDAUSDT,SELL,1.0389,1.0627,0.9912999999999998,FAIL,2024-12-27 17:15:00+05:30,-229.08845894696358
2024-12-27 16:00:00+05:30,PIXELUSDT,SELL,0.1671,0.1712,0.1589,PASS,2024-12-27 21:45:00+05:30,490.72411729503204
2024-12-27 16:00:00+05:30,TNSRUSDT,SELL,0.4629,0.4734,0.44189999999999996,PASS,2024-12-28 07:00:00+05:30,453.66169799092717
2024-12-27 16:45:00+05:30,GMTUSDT,SELL,0.1956,0.2077,0.1714,FAIL,2024-12-27 17:45:00+05:30,-618.6094069529652
2024-12-27 16:45:00+05:30,MEUSDT,BUY,3.737,3.689,3.833,PASS,2024-12-27 17:30:00+05:30,256.8905539202571
2024-12-27 16:45:00+05:30,STRAXUSDT,SELL,0.07941,0.0849,0.06842999999999998,FAIL,2024-12-28 05:30:00+05:30,-691.3486966377042
2024-12-27 18:15:00+05:30,BLURUSDT,SELL,0.2604,0.2624,0.2564,PASS,2024-12-27 19:00:00+05:30,153.60983102918598
2024-12-27 18:15:00+05:30,JSTUSDT,SELL,0.03993,0.04016,0.03947,PASS,2024-12-27 20:00:00+05:30,115.20160280490911
2024-12-27 18:30:00+05:30,WINUSDT,SELL,0.00011598,0.00011724,0.00011346,PASS,2024-12-27 20:45:00+05:30,217.27884117951336
2024-12-27 18:45:00+05:30,SUNUSDT,SELL,0.02477,0.02539,0.023530000000000002,FAIL,2024-12-29 13:00:00+05:30,-250.30278562777514
2024-12-27 19:00:00+05:30,ATAUSDT,SELL,0.1032,0.105,0.09960000000000001,PASS,2024-12-27 21:30:00+05:30,348.8372093023248
2024-12-27 19:30:00+05:30,OMUSDT,SELL,3.731,3.7828,3.6273999999999997,PASS,2024-12-27 22:45:00+05:30,277.6735459662293
2024-12-27 20:00:00+05:30,BBUSDT,SELL,0.4549,0.4727,0.41930000000000006,FAIL,2024-12-27 23:00:00+05:30,-391.2947900637499
2024-12-27 21:00:00+05:30,DEXEUSDT,BUY,11.263,11.039,11.711,PASS,2024-12-28 00:00:00+05:30,397.7625854568058
2024-12-27 21:15:00+05:30,SLFUSDT,BUY,0.3203,0.3122,0.33649999999999997,PASS,2024-12-28 00:30:00+05:30,505.7758351545424
2024-12-27 21:30:00+05:30,LPTUSDT,BUY,16.741,16.518,17.186999999999998,FAIL,2024-12-27 21:45:00+05:30,-133.20590167851321
2024-12-27 22:00:00+05:30,AMBUSDT,BUY,0.00742,0.00728,0.007700000000000001,PASS,2024-12-28 18:45:00+05:30,377.3584905660387
2024-12-27 22:00:00+05:30,VIDTUSDT,BUY,0.03003,0.02965,0.030790000000000005,PASS,2024-12-27 23:00:00+05:30,253.08025308025432
2024-12-27 22:15:00+05:30,FIOUSDT,BUY,0.04072,0.04016,0.041839999999999995,FAIL,2024-12-28 13:15:00+05:30,-137.5245579567775
2024-12-27 22:45:00+05:30,ICPUSDT,BUY,10.179,10.031,10.475,PASS,2024-12-28 19:45:00+05:30,290.7947735533936
2024-12-27 22:45:00+05:30,TKOUSDT,BUY,0.4899,0.4845,0.5007,PASS,2024-12-27 23:15:00+05:30,220.45315370483837
2024-12-27 22:45:00+05:30,WUSDT,BUY,0.3018,0.2949,0.31560000000000005,FAIL,2024-12-28 06:45:00+05:30,-228.62823061630274
2024-12-27 23:00:00+05:30,ALGOUSDT,BUY,0.3363,0.3292,0.3505,FAIL,2024-12-28 13:15:00+05:30,-211.12102289622348
2024-12-27 23:00:00+05:30,MLNUSDT,BUY,20.69,20.4,21.270000000000007,FAIL,2024-12-27 23:30:00+05:30,-140.1643305944914
2024-12-27 23:00:00+05:30,STRAXUSDT,BUY,0.0763,0.074,0.08090000000000003,PASS,2024-12-28 05:30:00+05:30,602.8833551769359
2024-12-27 23:30:00+05:30,AGLDUSDT,BUY,2.1,2.068,2.164,FAIL,2024-12-28 05:30:00+05:30,-152.3809523809525
2024-12-28 02:15:00+05:30,AMPUSDT,BUY,0.00788,0.007791,0.008058,FAIL,2024-12-28 03:00:00+05:30,-112.9441624365478
2024-12-28 02:30:00+05:30,ALGOUSDT,BUY,0.338,0.3354,0.3432000000000001,FAIL,2024-12-28 03:00:00+05:30,-76.9230769230783
2024-12-28 02:45:00+05:30,FISUSDT,BUY,0.4666,0.461,0.4778,FAIL,2024-12-28 03:30:00+05:30,-120.01714530647222
2024-12-28 03:30:00+05:30,MOVEUSDT,SELL,1.1124,1.1548,1.0276,PASS,2024-12-28 12:15:00+05:30,762.3157137720243
2024-12-28 03:45:00+05:30,DOTUSDT,BUY,6.954,6.88,7.101999999999999,FAIL,2024-12-28 05:00:00+05:30,-106.4135749209086
2024-12-28 03:45:00+05:30,SNTUSDT,BUY,0.04178,0.04128,0.04278,PASS,2024-12-28 05:45:00+05:30,239.3489707994258
2024-12-28 03:45:00+05:30,SUNUSDT,BUY,0.0243,0.0241,0.024699999999999996,PASS,2024-12-28 06:00:00+05:30,164.6090534979414
2024-12-28 04:30:00+05:30,ACXUSDT,BUY,0.6373,0.6275,0.6569,PASS,2024-12-28 06:30:00+05:30,307.547465871647
2024-12-28 04:30:00+05:30,FTTUSDT,BUY,3.4468,3.3825,3.5754000000000006,PASS,2024-12-28 05:00:00+05:30,373.0996866658944
2024-12-28 04:30:00+05:30,PHAUSDT,SELL,0.5128,0.5555,0.4274000000000001,FAIL,2024-12-28 16:00:00+05:30,-832.6833073322925
2024-12-28 05:00:00+05:30,FORTHUSDT,BUY,5.514,5.475,5.592000000000001,FAIL,2024-12-28 06:45:00+05:30,-70.72905331882588
2024-12-28 05:15:00+05:30,BURGERUSDT,BUY,0.4583,0.4531,0.46869999999999995,PASS,2024-12-28 11:45:00+05:30,226.9255945886966
2024-12-28 05:15:00+05:30,CKBUSDT,BUY,0.011504,0.011414,0.011684,FAIL,2024-12-28 06:45:00+05:30,-78.23365785813613
2024-12-28 05:15:00+05:30,DASHUSDT,BUY,39.33,38.93,40.129999999999995,PASS,2024-12-28 09:15:00+05:30,203.40706839562606
2024-12-28 05:15:00+05:30,DEGOUSDT,BUY,2.985,2.962,3.0309999999999993,FAIL,2024-12-28 06:15:00+05:30,-77.05192629815642
2024-12-28 05:15:00+05:30,EOSUSDT,BUY,0.7848,0.7775,0.7994000000000002,FAIL,2024-12-28 06:45:00+05:30,-93.01732925586242
2024-12-28 05:15:00+05:30,FETUSDT,BUY,1.316,1.299,1.3500000000000003,FAIL,2024-12-28 06:00:00+05:30,-129.17933130699183
2024-12-28 05:15:00+05:30,GALAUSDT,BUY,0.03495,0.03455,0.03575000000000001,FAIL,2024-12-28 06:45:00+05:30,-114.4492131616608
2024-12-28 05:15:00+05:30,HIFIUSDT,BUY,0.535,0.5303,0.5444000000000001,PASS,2024-12-28 08:00:00+05:30,175.70093457944063
2024-12-28 05:15:00+05:30,JSTUSDT,BUY,0.03875,0.03862,0.039009999999999996,PASS,2024-12-28 06:00:00+05:30,67.09677419354745
2024-12-28 05:15:00+05:30,MOVRUSDT,BUY,13.518,13.386,13.782000000000004,FAIL,2024-12-28 07:00:00+05:30,-97.64758100310803
2024-12-28 05:15:00+05:30,MTLUSDT,BUY,1.128,1.117,1.1499999999999997,PASS,2024-12-28 06:00:00+05:30,195.03546099290605
2024-12-28 05:15:00+05:30,NMRUSDT,BUY,15.52,15.36,15.84,FAIL,2024-12-28 06:00:00+05:30,-103.09278350515473
2024-12-28 05:15:00+05:30,RSRUSDT,BUY,0.01393,0.01371,0.014369999999999999,PASS,2024-12-28 05:45:00+05:30,315.8650394831295
2024-12-28 05:15:00+05:30,TIAUSDT,BUY,4.747,4.697,4.8469999999999995,FAIL,2024-12-28 08:15:00+05:30,-105.32968190436029
2024-12-28 05:15:00+05:30,TNSRUSDT,BUY,0.4483,0.444,0.4568999999999999,FAIL,2024-12-28 06:45:00+05:30,-95.91791211242406
2024-12-28 05:15:00+05:30,TROYUSDT,BUY,0.005517,0.005466,0.005619,FAIL,2024-12-28 06:45:00+05:30,-92.44154431756358
2024-12-28 05:15:00+05:30,TWTUSDT,BUY,1.189,1.1784,1.2102000000000004,FAIL,2024-12-28 08:15:00+05:30,-89.15054667788196
2024-12-28 05:15:00+05:30,VELODROMEUSDT,BUY,0.2085,0.2047,0.2161,PASS,2024-12-28 06:00:00+05:30,364.5083932853715
2024-12-28 05:15:00+05:30,WAXPUSDT,BUY,0.04091,0.04059,0.041550000000000004,PASS,2024-12-28 06:15:00+05:30,156.44096797848977
2024-12-28 05:30:00+05:30,DGBUSDT,BUY,0.01174,0.01163,0.011960000000000002,FAIL,2024-12-28 06:45:00+05:30,-93.69676320272634
2024-12-28 05:30:00+05:30,JOEUSDT,BUY,0.387,0.3828,0.3954000000000001,FAIL,2024-12-28 06:45:00+05:30,-108.5271317829467
2024-12-28 05:30:00+05:30,MANTAUSDT,BUY,0.858,0.851,0.872,FAIL,2024-12-28 06:45:00+05:30,-81.58508158508165
2024-12-28 05:30:00+05:30,THETAUSDT,BUY,2.18,2.161,2.2180000000000004,FAIL,2024-12-28 06:45:00+05:30,-87.15596330275287
2024-12-28 06:45:00+05:30,SLFUSDT,BUY,0.3221,0.3185,0.3293,FAIL,2024-12-28 07:45:00+05:30,-111.76653213287774
2024-12-28 07:30:00+05:30,DYDXUSDT,BUY,1.5319,1.5045,1.5867000000000002,FAIL,2024-12-28 11:45:00+05:30,-178.86285005548723
2024-12-28 07:30:00+05:30,LDOUSDT,BUY,1.862,1.832,1.9220000000000002,FAIL,2024-12-28 12:00:00+05:30,-161.11707841031162
2024-12-28 07:30:00+05:30,SUIUSDT,BUY,4.0702,4.0025,4.205599999999999,FAIL,2024-12-28 13:15:00+05:30,-166.33089283081773
2024-12-28 09:00:00+05:30,FXSUSDT,BUY,3.848,3.756,4.032,PASS,2024-12-28 11:00:00+05:30,478.1704781704786
2024-12-28 09:00:00+05:30,WUSDT,BUY,0.2932,0.2897,0.3002,FAIL,2024-12-28 11:45:00+05:30,-119.3724420190997
2024-12-28 09:00:00+05:30,ZROUSDT,BUY,5.391,5.346,5.481,FAIL,2024-12-28 09:30:00+05:30,-83.47245409015012
2024-12-28 09:30:00+05:30,LITUSDT,SELL,0.942,0.959,0.9079999999999999,FAIL,2024-12-28 10:15:00+05:30,-180.46709129511694
2024-12-28 10:15:00+05:30,AIUSDT,BUY,0.6295,0.6217,0.6450999999999998,FAIL,2024-12-28 12:00:00+05:30,-123.90786338363651
2024-12-28 10:30:00+05:30,ACMUSDT,BUY,1.599,1.589,1.619,FAIL,2024-12-28 13:15:00+05:30,-62.539086929330885
2024-12-28 10:30:00+05:30,AXSUSDT,BUY,6.408,6.358,6.508000000000002,FAIL,2024-12-28 12:00:00+05:30,-78.0274656679162
2024-12-28 10:30:00+05:30,BALUSDT,BUY,2.562,2.542,2.602,PASS,2024-12-28 18:30:00+05:30,156.12802498048416
2024-12-28 10:30:00+05:30,BOMEUSDT,BUY,0.006275,0.006227,0.006371000000000001,FAIL,2024-12-28 12:00:00+05:30,-76.49402390438294
2024-12-28 10:30:00+05:30,CATIUSDT,BUY,0.3724,0.3688,0.3796,FAIL,2024-12-28 12:00:00+05:30,-96.67024704618667
2024-12-28 10:30:00+05:30,CHRUSDT,BUY,0.2344,0.2327,0.2378,FAIL,2024-12-28 12:00:00+05:30,-72.52559726962488
2024-12-28 10:30:00+05:30,DFUSDT,BUY,0.07155,0.0701,0.07445000000000002,FAIL,2024-12-28 13:15:00+05:30,-202.65548567435457
2024-12-28 10:30:00+05:30,DIAUSDT,BUY,0.7066,0.7004,0.719,PASS,2024-12-28 14:45:00+05:30,175.48825360883055
2024-12-28 10:30:00+05:30,SLPUSDT,BUY,0.003832,0.003807,0.0038819999999999996,FAIL,2024-12-28 12:00:00+05:30,-65.2400835073065
2024-12-28 10:30:00+05:30,UTKUSDT,BUY,0.09048,0.089,0.09344000000000002,FAIL,2024-12-28 12:00:00+05:30,-163.57206012378526
2024-12-28 10:30:00+05:30,VTHOUSDT,BUY,0.002735,0.002715,0.002775,FAIL,2024-12-28 12:15:00+05:30,-73.12614259597825
2024-12-28 10:30:00+05:30,WOOUSDT,BUY,0.2187,0.216,0.22410000000000002,FAIL,2024-12-28 13:15:00+05:30,-123.45679012345714
2024-12-28 10:30:00+05:30,XTZUSDT,BUY,1.339,1.326,1.3649999999999998,FAIL,2024-12-28 12:00:00+05:30,-97.08737864077597
2024-12-28 10:30:00+05:30,ZILUSDT,BUY,0.02133,0.02108,0.021829999999999992,FAIL,2024-12-28 15:45:00+05:30,-117.20581340834353
2024-12-28 10:45:00+05:30,AERGOUSDT,BUY,0.1504,0.1484,0.1544,FAIL,2024-12-28 12:15:00+05:30,-132.97872340425545
2024-12-28 11:00:00+05:30,IDEXUSDT,SELL,0.06597,0.0695,0.05890999999999999,FAIL,2024-12-28 14:45:00+05:30,-535.0917083522821
2024-12-28 11:45:00+05:30,LITUSDT,SELL,0.96,1.003,0.8740000000000001,FAIL,2024-12-28 18:00:00+05:30,-447.91666666666595
2024-12-28 12:30:00+05:30,BBUSDT,BUY,0.4484,0.4383,0.4686,FAIL,2024-12-28 17:45:00+05:30,-225.24531668153426
2024-12-28 12:30:00+05:30,CTXCUSDT,BUY,0.2706,0.2665,0.2788,FAIL,2024-12-28 18:15:00+05:30,-151.51515151515122
2024-12-28 12:30:00+05:30,RSRUSDT,BUY,0.013838,0.013663,0.014188,FAIL,2024-12-28 13:00:00+05:30,-126.46336175747926
2024-12-28 12:45:00+05:30,PAXGUSDT,BUY,2644.0,2637.0,2658.0,PASS,2024-12-28 21:15:00+05:30,52.9500756429652
2024-12-28 13:30:00+05:30,DGBUSDT,BUY,0.0115,0.01146,0.01158,PASS,2024-12-28 14:00:00+05:30,69.56521739130453
2024-12-28 13:30:00+05:30,LUMIAUSDT,BUY,1.321,1.311,1.341,PASS,2024-12-28 13:45:00+05:30,151.40045420136275
2024-12-28 13:30:00+05:30,UTKUSDT,BUY,0.0894,0.08815,0.09189999999999997,FAIL,2024-12-28 15:15:00+05:30,-139.82102908277264
2024-12-28 13:45:00+05:30,BOMEUSDT,BUY,0.006232,0.006174,0.0063479999999999995,FAIL,2024-12-28 18:15:00+05:30,-93.06803594351716
2024-12-28 13:45:00+05:30,CELOUSDT,BUY,0.6685,0.663,0.6794999999999999,FAIL,2024-12-28 17:45:00+05:30,-82.27374719521241
2024-12-28 13:45:00+05:30,FTMUSDT,BUY,0.8162,0.8029,0.8428000000000002,FAIL,2024-12-28 18:45:00+05:30,-162.95025728988102
2024-12-28 13:45:00+05:30,GUSDT,BUY,0.02997,0.02978,0.03035,FAIL,2024-12-28 15:45:00+05:30,-63.396730063396454
2024-12-28 13:45:00+05:30,LAZIOUSDT,BUY,1.585,1.578,1.5989999999999998,PASS,2024-12-28 15:15:00+05:30,88.32807570977786
2024-12-28 13:45:00+05:30,TIAUSDT,BUY,4.699,4.656,4.785,PASS,2024-12-28 18:45:00+05:30,183.0176633326246
2024-12-28 14:00:00+05:30,DASHUSDT,BUY,39.14,38.86,39.7,FAIL,2024-12-28 16:00:00+05:30,-71.53806847215155
2024-12-28 14:00:00+05:30,DOTUSDT,BUY,6.855,6.809,6.947000000000001,PASS,2024-12-28 18:45:00+05:30,134.20860685631
2024-12-28 14:00:00+05:30,SEIUSDT,BUY,0.4103,0.4066,0.41769999999999996,PASS,2024-12-28 19:30:00+05:30,180.3558371922974
2024-12-28 14:00:00+05:30,STEEMUSDT,SELL,0.2769,0.2909,0.24889999999999995,FAIL,2024-12-28 19:15:00+05:30,-505.59768869628067
2024-12-28 14:00:00+05:30,STORJUSDT,SELL,0.5347,0.5599,0.48429999999999995,FAIL,2024-12-29 04:45:00+05:30,-471.29231344679266
2024-12-28 14:15:00+05:30,KMDUSDT,BUY,0.3211,0.3171,0.3291,FAIL,2024-12-28 14:30:00+05:30,-124.57178449081295
2024-12-28 14:15:00+05:30,MKRUSDT,BUY,1540.0,1531.0,1558.0,FAIL,2024-12-28 15:45:00+05:30,-58.44155844155844
2024-12-28 14:15:00+05:30,SSVUSDT,BUY,25.21,24.67,26.29,PASS,2024-12-28 22:00:00+05:30,428.40142800475934
2024-12-28 14:30:00+05:30,DFUSDT,BUY,0.06999,0.06833,0.07330999999999999,FAIL,2024-12-28 17:45:00+05:30,-237.17673953421843
2024-12-28 16:45:00+05:30,ADAUSDT,BUY,0.8733,0.8675,0.8848999999999998,FAIL,2024-12-28 18:15:00+05:30,-66.41474865452784
2024-12-28 16:45:00+05:30,AERGOUSDT,BUY,0.146,0.1451,0.14779999999999996,PASS,2024-12-28 18:45:00+05:30,123.28767123287453
2024-12-28 16:45:00+05:30,AEVOUSDT,BUY,0.3644,0.3611,0.37100000000000005,PASS,2024-12-28 18:45:00+05:30,181.1196487376523
2024-12-28 16:45:00+05:30,ATOMUSDT,BUY,6.446,6.412,6.513999999999999,FAIL,2024-12-28 18:15:00+05:30,-52.74588892336303
2024-12-28 16:45:00+05:30,AXSUSDT,BUY,6.386,6.335,6.488,FAIL,2024-12-28 18:00:00+05:30,-79.86219855934881
2024-12-28 16:45:00+05:30,BAKEUSDT,BUY,0.2598,0.2583,0.2628,PASS,2024-12-28 18:30:00+05:30,115.47344110854515
2024-12-28 16:45:00+05:30,BANDUSDT,BUY,1.445,1.435,1.465,PASS,2024-12-28 18:30:00+05:30,138.40830449827
2024-12-28 16:45:00+05:30,BEAMXUSDT,BUY,0.02636,0.02618,0.026720000000000008,PASS,2024-12-28 19:00:00+05:30,136.57056145675497
2024-12-28 16:45:00+05:30,BLURUSDT,BUY,0.2541,0.2526,0.2571,FAIL,2024-12-28 18:15:00+05:30,-59.031877213695445
2024-12-28 16:45:00+05:30,BNXUSDT,BUY,0.4093,0.4065,0.41490000000000005,PASS,2024-12-28 18:45:00+05:30,136.818959198633
2024-12-28 16:45:00+05:30,BOMEUSDT,BUY,0.00623,0.006189,0.006312000000000001,FAIL,2024-12-28 18:15:00+05:30,-65.81059390048192
2024-12-28 16:45:00+05:30,BSWUSDT,BUY,0.0675,0.0667,0.06910000000000002,PASS,2024-12-28 18:45:00+05:30,237.0370370370397
2024-12-28 16:45:00+05:30,C98USDT,BUY,0.172,0.17,0.17599999999999993,PASS,2024-12-28 19:00:00+05:30,232.55813953488072
2024-12-28 16:45:00+05:30,COMBOUSDT,BUY,0.448,0.4438,0.4564000000000001,PASS,2024-12-28 18:45:00+05:30,187.50000000000165
2024-12-28 16:45:00+05:30,COSUSDT,BUY,0.007717,0.007664,0.007823,PASS,2024-12-28 18:45:00+05:30,137.35907736166928
2024-12-28 16:45:00+05:30,CTSIUSDT,BUY,0.1579,0.157,0.15970000000000004,PASS,2024-12-28 18:30:00+05:30,113.99620012666394
2024-12-28 16:45:00+05:30,DODOUSDT,BUY,0.1525,0.1509,0.15569999999999998,PASS,2024-12-28 18:30:00+05:30,209.83606557376925
2024-12-28 16:45:00+05:30,DYDXUSDT,BUY,1.5142,1.4985,1.5456,PASS,2024-12-28 19:00:00+05:30,207.3702285035008
2024-12-28 16:45:00+05:30,EGLDUSDT,BUY,33.87,33.69,34.23,FAIL,2024-12-28 17:45:00+05:30,-53.14437555358716
2024-12-28 16:45:00+05:30,FIOUSDT,BUY,0.04027,0.03993,0.04095,PASS,2024-12-28 18:45:00+05:30,168.8601936925751
2024-12-28 16:45:00+05:30,GNOUSDT,BUY,274.0,272.9,276.20000000000005,PASS,2024-12-28 18:30:00+05:30,80.29197080292137
2024-12-28 16:45:00+05:30,GRTUSDT,BUY,0.2064,0.2047,0.20980000000000001,FAIL,2024-12-28 18:15:00+05:30,-82.36434108527166
2024-12-28 16:45:00+05:30,GUSDT,BUY,0.02989,0.02971,0.03025,PASS,2024-12-28 18:30:00+05:30,120.44161927065883
2024-12-28 16:45:00+05:30,HFTUSDT,BUY,0.2061,0.2046,0.2091,PASS,2024-12-28 18:30:00+05:30,145.56040756914132
2024-12-28 16:45:00+05:30,HMSTRUSDT,BUY,0.002886,0.002862,0.0029340000000000004,PASS,2024-12-28 18:45:00+05:30,166.32016632016735
2024-12-28 16:45:00+05:30,ICPUSDT,BUY,10.166,10.097,10.304000000000002,FAIL,2024-12-28 18:15:00+05:30,-67.87330316742164
2024-12-28 16:45:00+05:30,IMXUSDT,BUY,1.383,1.371,1.407,FAIL,2024-12-28 17:45:00+05:30,-86.76789587852502
2024-12-28 16:45:00+05:30,IOTXUSDT,BUY,0.03793,0.03767,0.03844999999999999,FAIL,2024-12-28 18:30:00+05:30,-68.54732401792681
2024-12-28 16:45:00+05:30,KAIAUSDT,BUY,0.204,0.2026,0.20679999999999996,PASS,2024-12-28 19:00:00+05:30,137.2549019607828
2024-12-28 16:45:00+05:30,LEVERUSDT,BUY,0.001785,0.00177,0.0018149999999999996,PASS,2024-12-28 18:30:00+05:30,168.06722689075434
2024-12-28 16:45:00+05:30,LTCUSDT,BUY,99.6,98.9,100.99999999999997,FAIL,2024-12-28 18:15:00+05:30,-70.28112449799083
2024-12-28 16:45:00+05:30,LUNAUSDT,BUY,0.4299,0.425,0.43970000000000004,PASS,2024-12-28 19:45:00+05:30,227.95999069551132
2024-12-28 16:45:00+05:30,LUNCUSDT,BUY,0.00011236,0.00011156,0.00011396000000000001,FAIL,2024-12-28 17:45:00+05:30,-71.19971520113972
2024-12-28 16:45:00+05:30,MANTAUSDT,BUY,0.84,0.833,0.854,PASS,2024-12-28 18:45:00+05:30,166.6666666666668
2024-12-28 16:45:00+05:30,MASKUSDT,BUY,2.979,2.965,3.0070000000000006,PASS,2024-12-28 18:45:00+05:30,93.99127223900796
2024-12-28 16:45:00+05:30,MOVRUSDT,BUY,13.414,13.322,13.598,PASS,2024-12-28 18:00:00+05:30,137.17012076934625
2024-12-28 16:45:00+05:30,NKNUSDT,BUY,0.0973,0.0964,0.0991,PASS,2024-12-28 18:30:00+05:30,184.99486125385366
2024-12-28 16:45:00+05:30,NULSUSDT,BUY,0.4054,0.4015,0.4131999999999999,PASS,2024-12-28 18:45:00+05:30,192.4025653675362
2024-12-28 16:45:00+05:30,OSMOUSDT,BUY,0.4489,0.4467,0.4533000000000001,PASS,2024-12-28 18:30:00+05:30,98.01737580753108
2024-12-28 16:45:00+05:30,PERPUSDT,BUY,0.7941,0.788,0.8063,PASS,2024-12-28 18:30:00+05:30,153.6330436972672
2024-12-28 16:45:00+05:30,PIXELUSDT,BUY,0.1582,0.1569,0.1608,PASS,2024-12-28 18:45:00+05:30,164.34892541087174
2024-12-28 16:45:00+05:30,POLUSDT,BUY,0.479,0.4761,0.4847999999999999,FAIL,2024-12-28 17:45:00+05:30,-60.542797494779926
2024-12-28 16:45:00+05:30,QNTUSDT,BUY,111.7,111.0,113.10000000000001,FAIL,2024-12-28 17:45:00+05:30,-62.66786034019721
2024-12-28 16:45:00+05:30,REQUSDT,SELL,0.1253,0.1302,0.11549999999999996,FAIL,2024-12-28 19:15:00+05:30,-391.06145251396777
2024-12-28 16:45:00+05:30,RONINUSDT,BUY,1.902,1.887,1.9319999999999997,PASS,2024-12-28 19:00:00+05:30,157.72870662460465
2024-12-28 16:45:00+05:30,SKLUSDT,BUY,0.04969,0.04922,0.050629999999999994,PASS,2024-12-28 18:45:00+05:30,189.17287180519148
2024-12-28 16:45:00+05:30,STGUSDT,BUY,0.3446,0.3408,0.35220000000000007,FAIL,2024-12-28 18:15:00+05:30,-110.27278003482373
2024-12-28 16:45:00+05:30,STRKUSDT,BUY,0.4682,0.4645,0.47559999999999997,PASS,2024-12-28 18:45:00+05:30,158.05211448099024
2024-12-28 16:45:00+05:30,SXPUSDT,BUY,0.3024,0.3001,0.30700000000000005,PASS,2024-12-28 19:00:00+05:30,152.11640211640375
2024-12-28 16:45:00+05:30,TIAUSDT,BUY,4.716,4.681,4.7860000000000005,PASS,2024-12-28 18:45:00+05:30,148.4308736217139
2024-12-28 16:45:00+05:30,TKOUSDT,BUY,0.4846,0.482,0.48979999999999996,PASS,2024-12-28 18:45:00+05:30,107.30499380932692
2024-12-28 16:45:00+05:30,TLMUSDT,BUY,0.01327,0.01315,0.013510000000000001,PASS,2024-12-28 18:45:00+05:30,180.85908063300724
2024-12-28 16:45:00+05:30,WOOUSDT,BUY,0.2171,0.2153,0.22069999999999998,PASS,2024-12-28 18:45:00+05:30,165.8222017503451
2024-12-28 16:45:00+05:30,XLMUSDT,BUY,0.3485,0.3461,0.3532999999999999,FAIL,2024-12-28 17:45:00+05:30,-68.86657101865015
2024-12-28 16:45:00+05:30,YGGUSDT,BUY,0.5013,0.4965,0.5108999999999999,PASS,2024-12-28 19:00:00+05:30,191.50209455415805
2024-12-28 16:45:00+05:30,ZILUSDT,BUY,0.02123,0.02105,0.021589999999999998,PASS,2024-12-28 19:00:00+05:30,169.5713612812055
2024-12-28 17:00:00+05:30,DOGSUSDT,BUY,0.0005265,0.0005229,0.0005336999999999999,FAIL,2024-12-28 17:45:00+05:30,-68.37606837606799
2024-12-28 17:00:00+05:30,IOUSDT,BUY,2.904,2.867,2.9779999999999998,FAIL,2024-12-28 17:45:00+05:30,-127.41046831955896
2024-12-28 17:00:00+05:30,TURBOUSDT,BUY,0.009642,0.009536,0.009854,FAIL,2024-12-28 18:15:00+05:30,-109.9356979879695
2024-12-28 17:15:00+05:30,PHBUSDT,BUY,1.56,1.544,1.592,FAIL,2024-12-28 18:15:00+05:30,-102.56410256410265
2024-12-28 17:45:00+05:30,PUNDIXUSDT,SELL,0.4745,0.4871,0.4493,FAIL,2024-12-29 05:45:00+05:30,-265.5426765015807
2024-12-28 18:45:00+05:30,DFUSDT,BUY,0.06883,0.0675,0.07149,PASS,2024-12-29 06:15:00+05:30,386.459392706668
2024-12-28 18:45:00+05:30,HBARUSDT,BUY,0.27496,0.27265,0.27957999999999994,PASS,2024-12-28 20:45:00+05:30,168.02443991853207
2024-12-28 18:45:00+05:30,IDUSDT,BUY,0.4458,0.4399,0.4575999999999999,PASS,2024-12-28 22:45:00+05:30,264.69268730372187
2024-12-28 19:30:00+05:30,THEUSDT,BUY,1.3596,1.3326,1.4135999999999997,PASS,2024-12-28 22:30:00+05:30,397.17563989408524
2024-12-28 19:45:00+05:30,LITUSDT,SELL,1.079,1.175,0.8869999999999998,OPEN,2025-01-01 03:30:00+05:30,1482.854494902687
2024-12-28 19:45:00+05:30,STRAXUSDT,BUY,0.07567,0.07423,0.07855,FAIL,2024-12-28 20:30:00+05:30,-190.2999867847227
2024-12-28 20:00:00+05:30,APTUSDT,SELL,8.98,9.16,8.620000000000001,FAIL,2024-12-28 22:30:00+05:30,-200.44543429844063
2024-12-28 20:00:00+05:30,MOVRUSDT,SELL,14.08,14.45,13.340000000000002,FAIL,2024-12-28 20:45:00+05:30,-262.78409090909037
2024-12-28 20:00:00+05:30,OGUSDT,SELL,4.907,4.961,4.7989999999999995,PASS,2024-12-29 20:00:00+05:30,220.09374363154788
2024-12-28 20:00:00+05:30,SCRTUSDT,SELL,0.5618,0.63,0.4253999999999999,OPEN,2025-01-01 03:30:00+05:30,1000.3559985760044
2024-12-28 20:00:00+05:30,STMXUSDT,SELL,0.006351,0.006513,0.006027,FAIL,2024-12-28 20:45:00+05:30,-255.07794048181358
2024-12-28 20:00:00+05:30,TFUELUSDT,SELL,0.0672,0.06821,0.06517999999999997,FAIL,2024-12-29 03:45:00+05:30,-150.29761904762069
2024-12-28 20:15:00+05:30,AMBUSDT,SELL,0.00777,0.00793,0.007450000000000001,PASS,2024-12-30 16:30:00+05:30,411.8404118404107
2024-12-28 20:15:00+05:30,BAKEUSDT,SELL,0.2706,0.2763,0.25920000000000004,PASS,2024-12-30 01:30:00+05:30,421.2860310421273
2024-12-28 20:15:00+05:30,CHESSUSDT,SELL,0.206,0.2114,0.19519999999999996,FAIL,2024-12-29 03:00:00+05:30,-262.13592233009786
2024-12-28 20:15:00+05:30,FIDAUSDT,SELL,0.2607,0.2661,0.24989999999999996,FAIL,2024-12-29 04:15:00+05:30,-207.13463751438496
2024-12-28 20:15:00+05:30,HOTUSDT,SELL,0.002448,0.002503,0.0023380000000000002,FAIL,2024-12-28 22:45:00+05:30,-224.6732026143788
2024-12-28 20:15:00+05:30,PERPUSDT,SELL,0.8232,0.8399,0.7898000000000002,FAIL,2024-12-28 22:45:00+05:30,-202.86686103012556
2024-12-28 20:45:00+05:30,LEVERUSDT,SELL,0.001892,0.001985,0.0017060000000000005,OPEN,2025-01-01 03:30:00+05:30,782.2410147991538
2024-12-28 21:00:00+05:30,ALPACAUSDT,SELL,0.1807,0.1829,0.17629999999999998,FAIL,2024-12-28 22:45:00+05:30,-121.74875484228043
2024-12-28 21:15:00+05:30,ARKMUSDT,SELL,1.51,1.529,1.4720000000000002,FAIL,2024-12-28 22:00:00+05:30,-125.8278145695358
2024-12-28 21:15:00+05:30,IOTAUSDT,SELL,0.3025,0.3078,0.29189999999999994,FAIL,2024-12-28 22:30:00+05:30,-175.2066115702488
2024-12-28 21:15:00+05:30,PROMUSDT,SELL,6.439,6.495,6.327,FAIL,2024-12-28 22:00:00+05:30,-86.97002640161523
2024-12-28 21:15:00+05:30,SYNUSDT,SELL,0.5415,0.5466,0.5313,FAIL,2024-12-28 22:30:00+05:30,-94.18282548476444
2024-12-28 22:00:00+05:30,TRXUSDT,BUY,0.2571,0.2566,0.2581,PASS,2024-12-28 22:45:00+05:30,38.89537145079739
2024-12-28 22:15:00+05:30,FTMUSDT,BUY,0.8042,0.7846,0.8434000000000001,FAIL,2024-12-29 02:15:00+05:30,-243.7204675453875
2024-12-28 23:15:00+05:30,IQUSDT,SELL,0.007546,0.00766,0.007317999999999999,FAIL,2024-12-29 01:15:00+05:30,-151.07341637953934
2024-12-28 23:30:00+05:30,ALPHAUSDT,SELL,0.0894,0.0911,0.08599999999999998,PASS,2024-12-29 17:15:00+05:30,380.313199105147
2024-12-28 23:30:00+05:30,BURGERUSDT,SELL,0.4927,0.4977,0.48270000000000013,PASS,2024-12-29 02:30:00+05:30,202.9632636492774
2024-12-28 23:30:00+05:30,FLOKIUSDT,SELL,0.00018266,0.00018487,0.00017823999999999995,PASS,2024-12-29 17:45:00+05:30,241.9796342932247
2024-12-28 23:30:00+05:30,HIFIUSDT,SELL,0.5631,0.5685,0.5523000000000001,FAIL,2024-12-29 05:15:00+05:30,-95.89770911028165
2024-12-28 23:30:00+05:30,LUNAUSDT,SELL,0.4433,0.4467,0.4365000000000001,FAIL,2024-12-29 03:15:00+05:30,-76.69749605233383
2024-12-28 23:30:00+05:30,ONGUSDT,SELL,0.3385,0.3418,0.3319000000000001,FAIL,2024-12-29 04:45:00+05:30,-97.48892171344075
2024-12-28 23:30:00+05:30,WOOUSDT,SELL,0.2238,0.2264,0.21860000000000002,FAIL,2024-12-29 03:45:00+05:30,-116.17515638963322
2024-12-28 23:45:00+05:30,SHIBUSDT,SELL,2.224e-05,2.237e-05,2.198e-05,FAIL,2024-12-29 04:15:00+05:30,-58.45323741007214
2024-12-29 00:00:00+05:30,ACHUSDT,SELL,0.02697,0.02773,0.02545,FAIL,2024-12-29 16:00:00+05:30,-281.79458657767896
2024-12-29 00:00:00+05:30,AVAXUSDT,SELL,37.5,37.83,36.84,FAIL,2024-12-29 03:30:00+05:30,-87.99999999999955
2024-12-29 00:00:00+05:30,BNSOLUSDT,SELL,197.9,199.9,193.9,FAIL,2024-12-29 00:30:00+05:30,-101.06114199090449
2024-12-29 00:00:00+05:30,DENTUSDT,SELL,0.001293,0.001314,0.0012510000000000002,FAIL,2024-12-29 02:30:00+05:30,-162.41299303944288
2024-12-29 00:00:00+05:30,HBARUSDT,SELL,0.28458,0.29215,0.26943999999999996,FAIL,2024-12-29 02:15:00+05:30,-266.00604399465954
2024-12-29 00:00:00+05:30,IOSTUSDT,SELL,0.006914,0.006967,0.006808,FAIL,2024-12-29 04:15:00+05:30,-76.65606016777566
2024-12-29 00:00:00+05:30,MANTAUSDT,SELL,0.878,0.886,0.862,FAIL,2024-12-29 04:15:00+05:30,-91.116173120729
2024-12-29 00:00:00+05:30,NMRUSDT,SELL,16.31,16.67,15.589999999999993,FAIL,2024-12-29 18:30:00+05:30,-220.72348252605948
2024-12-29 00:00:00+05:30,ONEUSDT,SELL,0.02984,0.03042,0.028679999999999997,FAIL,2024-12-29 04:15:00+05:30,-194.36997319034876
2024-12-29 00:00:00+05:30,PEPEUSDT,SELL,1.877e-05,1.903e-05,1.8250000000000007e-05,FAIL,2024-12-29 16:45:00+05:30,-138.5189131592954
2024-12-29 00:00:00+05:30,PROMUSDT,SELL,6.522,6.55,6.466000000000001,FAIL,2024-12-29 00:45:00+05:30,-42.93161606868994
2024-12-29 00:00:00+05:30,SSVUSDT,SELL,26.65,27.08,25.79,PASS,2024-12-29 07:00:00+05:30,322.7016885553469
2024-12-29 00:00:00+05:30,TNSRUSDT,SELL,0.4632,0.4677,0.4542,FAIL,2024-12-29 03:45:00+05:30,-97.15025906735761
2024-12-29 00:00:00+05:30,TURBOUSDT,SELL,0.009968,0.01028,0.009344,PASS,2024-12-30 03:30:00+05:30,626.0032102728728
2024-12-29 00:30:00+05:30,JTOUSDT,SELL,3.277,3.309,3.213,FAIL,2024-12-29 04:15:00+05:30,-97.65028989929822
2024-12-29 00:30:00+05:30,KMDUSDT,BUY,0.3308,0.3271,0.33819999999999995,PASS,2024-12-29 15:15:00+05:30,223.70012091898315
2024-12-29 00:30:00+05:30,VELODROMEUSDT,BUY,0.1914,0.1893,0.19559999999999997,FAIL,2024-12-29 01:30:00+05:30,-109.71786833855752
2024-12-29 01:15:00+05:30,MOVRUSDT,SELL,14.418,14.7,13.854,FAIL,2024-12-29 09:15:00+05:30,-195.58884727424058
2024-12-29 02:30:00+05:30,OGNUSDT,BUY,0.1309,0.1289,0.1349,PASS,2024-12-29 05:30:00+05:30,305.5767761650118
2024-12-29 02:45:00+05:30,ARDRUSDT,BUY,0.09413,0.09377,0.09485,PASS,2024-12-29 03:45:00+05:30,76.48996069265893
2024-12-29 03:00:00+05:30,DIAUSDT,BUY,0.7398,0.734,0.7514000000000001,PASS,2024-12-29 03:45:00+05:30,156.79913490132543
2024-12-29 03:00:00+05:30,SANTOSUSDT,BUY,3.362,3.346,3.394,PASS,2024-12-29 04:15:00+05:30,95.18143961927433
2024-12-29 03:30:00+05:30,XVGUSDT,SELL,0.014769,0.015349,0.013608999999999998,FAIL,2024-12-29 06:15:00+05:30,-392.7144694969197
2024-12-29 04:00:00+05:30,ENAUSDT,SELL,0.942,0.9513,0.9233999999999998,FAIL,2024-12-29 08:00:00+05:30,-98.72611464968244
2024-12-29 04:00:00+05:30,LPTUSDT,SELL,16.642,16.922,16.081999999999997,FAIL,2024-12-29 09:15:00+05:30,-168.24900853262898
2024-12-29 04:45:00+05:30,DOTUSDT,SELL,7.122,7.184,6.997999999999999,PASS,2024-12-29 18:00:00+05:30,174.10839651783286
2024-12-29 04:45:00+05:30,JASMYUSDT,SELL,0.03531,0.03606,0.03381,PASS,2024-12-29 21:45:00+05:30,424.80883602378964
2024-12-29 04:45:00+05:30,LDOUSDT,SELL,1.893,1.944,1.7910000000000001,PASS,2024-12-29 18:00:00+05:30,538.8272583201261
2024-12-29 04:45:00+05:30,SEIUSDT,SELL,0.4264,0.4318,0.41559999999999997,PASS,2024-12-29 21:45:00+05:30,253.28330206379061
2024-12-29 05:00:00+05:30,EGLDUSDT,SELL,35.31,35.54,34.85000000000001,FAIL,2024-12-29 05:15:00+05:30,-65.13735485698012
2024-12-29 05:00:00+05:30,PYTHUSDT,SELL,0.3862,0.3885,0.38159999999999994,FAIL,2024-12-29 06:30:00+05:30,-59.554634904195346
2024-12-29 05:00:00+05:30,QNTUSDT,SELL,117.0,117.6,115.80000000000001,FAIL,2024-12-29 05:30:00+05:30,-51.282051282050794
2024-12-29 05:15:00+05:30,RSRUSDT,SELL,0.015255,0.01576,0.014244999999999999,FAIL,2024-12-29 06:30:00+05:30,-331.03900360537546
2024-12-29 05:30:00+05:30,DCRUSDT,SELL,16.96,17.08,16.720000000000006,FAIL,2024-12-29 15:00:00+05:30,-70.75471698113057
2024-12-29 05:30:00+05:30,SCRUSDT,SELL,1.076,1.096,1.036,PASS,2024-12-29 15:15:00+05:30,371.74721189591105
2024-12-29 06:15:00+05:30,IDEXUSDT,BUY,0.06867,0.06721,0.07158999999999997,FAIL,2024-12-29 06:45:00+05:30,-212.6110382991101
2024-12-29 06:30:00+05:30,DARUSDT,SELL,0.15749,0.16,0.15246999999999997,PASS,2024-12-29 08:45:00+05:30,318.7503968505953
2024-12-29 06:30:00+05:30,QKCUSDT,SELL,0.010304,0.010451,0.010010000000000002,FAIL,2024-12-29 18:45:00+05:30,-142.66304347826042
2024-12-29 06:45:00+05:30,FIOUSDT,SELL,0.04418,0.04506,0.042419999999999985,FAIL,2024-12-29 10:15:00+05:30,-199.18515165233268
2024-12-29 06:45:00+05:30,REQUSDT,BUY,0.1335,0.1306,0.13930000000000003,PASS,2024-12-29 08:15:00+05:30,434.45692883895333
2024-12-29 07:00:00+05:30,MOVEUSDT,BUY,0.9839,0.9568,1.0381,PASS,2024-12-29 16:45:00+05:30,550.8689907510928
2024-12-29 07:30:00+05:30,MDTUSDT,BUY,0.07041,0.06948,0.07227,FAIL,2024-12-29 07:45:00+05:30,-132.083510864934
2024-12-29 07:45:00+05:30,MKRUSDT,BUY,1538.0,1531.0,1552.0,PASS,2024-12-29 13:15:00+05:30,91.02730819245774
2024-12-29 07:45:00+05:30,RUNEUSDT,BUY,4.739,4.709,4.799,FAIL,2024-12-29 10:30:00+05:30,-63.304494619118486
2024-12-29 07:45:00+05:30,SHIBUSDT,BUY,2.207e-05,2.193e-05,2.2350000000000005e-05,PASS,2024-12-29 13:15:00+05:30,126.86905301314187
2024-12-29 08:00:00+05:30,BAKEUSDT,BUY,0.2696,0.2674,0.27399999999999997,FAIL,2024-12-29 11:30:00+05:30,-81.60237388723961
2024-12-29 08:00:00+05:30,BALUSDT,BUY,2.609,2.598,2.6310000000000002,FAIL,2024-12-29 08:45:00+05:30,-42.16174779609092
2024-12-29 08:00:00+05:30,C98USDT,BUY,0.1798,0.1782,0.18299999999999997,FAIL,2024-12-29 11:30:00+05:30,-88.98776418242439
2024-12-29 08:00:00+05:30,CHRUSDT,BUY,0.2416,0.2392,0.24640000000000004,FAIL,2024-12-29 11:30:00+05:30,-99.3377483443714
2024-12-29 08:00:00+05:30,COMBOUSDT,BUY,0.4626,0.4595,0.4688,PASS,2024-12-29 13:15:00+05:30,134.02507565931654
2024-12-29 08:00:00+05:30,DOGSUSDT,BUY,0.0005383,0.0005338,0.0005473000000000001,FAIL,2024-12-29 11:30:00+05:30,-83.5965075236867
2024-12-29 08:00:00+05:30,FIDAUSDT,BUY,0.262,0.2598,0.2664000000000001,FAIL,2024-12-29 17:30:00+05:30,-83.9694656488563
2024-12-29 08:00:00+05:30,HFTUSDT,BUY,0.2162,0.2148,0.21900000000000003,PASS,2024-12-29 13:30:00+05:30,129.5097132284933
2024-12-29 08:00:00+05:30,IOUSDT,BUY,2.981,2.946,3.0509999999999993,FAIL,2024-12-29 09:45:00+05:30,-117.41026501174002
2024-12-29 08:00:00+05:30,JUVUSDT,BUY,1.683,1.671,1.707,FAIL,2024-12-29 11:30:00+05:30,-71.30124777183606
2024-12-29 08:00:00+05:30,LAZIOUSDT,BUY,1.623,1.612,1.6449999999999998,FAIL,2024-12-29 11:30:00+05:30,-67.77572396795995
2024-12-29 08:00:00+05:30,MAGICUSDT,BUY,0.4472,0.4437,0.4542,PASS,2024-12-29 09:30:00+05:30,156.5295169946334
2024-12-29 08:00:00+05:30,OMNIUSDT,BUY,8.5,8.42,8.66,FAIL,2024-12-29 10:30:00+05:30,-94.11764705882362
2024-12-29 08:00:00+05:30,PERPUSDT,BUY,0.8233,0.8187,0.8325000000000001,FAIL,2024-12-29 11:30:00+05:30,-55.8727073970612
2024-12-29 08:00:00+05:30,PORTOUSDT,BUY,1.622,1.606,1.6540000000000001,FAIL,2024-12-29 21:45:00+05:30,-98.64364981504323
2024-12-29 08:00:00+05:30,RDNTUSDT,BUY,0.0611,0.0607,0.06190000000000001,FAIL,2024-12-29 10:30:00+05:30,-65.46644844517259
2024-12-29 08:00:00+05:30,REZUSDT,BUY,0.03777,0.03746,0.038389999999999994,FAIL,2024-12-29 10:15:00+05:30,-82.0757214720672
2024-12-29 08:00:00+05:30,SAGAUSDT,BUY,1.486,1.4681,1.5218,FAIL,2024-12-29 17:15:00+05:30,-120.45760430686424
2024-12-29 08:00:00+05:30,SNXUSDT,BUY,2.109,2.092,2.143,FAIL,2024-12-29 11:15:00+05:30,-80.60692271218541
2024-12-29 08:00:00+05:30,SPELLUSDT,BUY,0.0007732,0.0007662,0.0007872000000000002,FAIL,2024-12-29 17:15:00+05:30,-90.53285049146484
2024-12-29 08:00:00+05:30,TNSRUSDT,BUY,0.4656,0.4612,0.47440000000000004,FAIL,2024-12-29 08:45:00+05:30,-94.50171821305874
2024-12-29 08:00:00+05:30,TWTUSDT,BUY,1.2007,1.1926,1.2169,FAIL,2024-12-29 11:30:00+05:30,-67.46064795535933
2024-12-29 08:00:00+05:30,UNIUSDT,BUY,13.475,13.374,13.676999999999998,FAIL,2024-12-29 11:30:00+05:30,-74.95361781076
2024-12-29 08:00:00+05:30,WANUSDT,BUY,0.2447,0.2429,0.2483,FAIL,2024-12-29 18:00:00+05:30,-73.5594605639557
2024-12-29 08:00:00+05:30,XAIUSDT,BUY,0.2419,0.2401,0.2455,FAIL,2024-12-29 10:30:00+05:30,-74.41091360066127
2024-12-29 08:00:00+05:30,ZKUSDT,BUY,0.1993,0.1979,0.20210000000000003,FAIL,2024-12-29 08:45:00+05:30,-70.24586051179189
2024-12-29 08:00:00+05:30,ZROUSDT,BUY,5.511,5.45,5.633,FAIL,2024-12-29 11:30:00+05:30,-110.68771547813454
2024-12-29 09:00:00+05:30,PHAUSDT,SELL,0.5008,0.542,0.4184,PASS,2024-12-29 19:45:00+05:30,1645.3674121405754
2024-12-29 10:45:00+05:30,CVXUSDT,BUY,5.246,5.204,5.330000000000002,FAIL,2024-12-29 11:00:00+05:30,-80.06099885627278
2024-12-29 10:45:00+05:30,THEUSDT,SELL,1.5275,1.5739,1.4347,FAIL,2024-12-29 11:30:00+05:30,-303.76432078559736
2024-12-29 11:15:00+05:30,LISTAUSDT,BUY,0.4315,0.429,0.4365,FAIL,2024-12-29 11:30:00+05:30,-57.93742757821558
2024-12-29 11:45:00+05:30,FISUSDT,BUY,0.5068,0.499,0.5224000000000001,PASS,2024-12-29 18:00:00+05:30,307.813733228099
2024-12-29 11:45:00+05:30,GNSUSDT,BUY,1.975,1.957,2.011,PASS,2024-12-29 16:15:00+05:30,182.27848101265837
2024-12-29 11:45:00+05:30,HOOKUSDT,BUY,0.4293,0.4272,0.4335,PASS,2024-12-29 13:15:00+05:30,97.83368273934268
2024-12-29 11:45:00+05:30,OMNIUSDT,BUY,8.43,8.37,8.55,PASS,2024-12-29 13:30:00+05:30,142.34875444839977
2024-12-29 12:00:00+05:30,1INCHUSDT,BUY,0.4065,0.4036,0.4122999999999999,FAIL,2024-12-29 14:30:00+05:30,-71.34071340713305
2024-12-29 12:00:00+05:30,ASTRUSDT,BUY,0.0639,0.0635,0.0647,FAIL,2024-12-29 14:15:00+05:30,-62.59780907668193
2024-12-29 12:00:00+05:30,BALUSDT,BUY,2.608,2.59,2.6440000000000006,FAIL,2024-12-29 20:00:00+05:30,-69.01840490797638
2024-12-29 12:00:00+05:30,CAKEUSDT,BUY,2.608,2.591,2.642,PASS,2024-12-29 13:15:00+05:30,130.36809815950846
2024-12-29 12:00:00+05:30,CATIUSDT,BUY,0.3784,0.3757,0.3838000000000001,PASS,2024-12-29 15:45:00+05:30,142.70613107822598
2024-12-29 12:00:00+05:30,COMPUSDT,BUY,80.47,79.85,81.71000000000001,FAIL,2024-12-29 14:45:00+05:30,-77.04734683733125
2024-12-29 12:00:00+05:30,EDUUSDT,BUY,0.5496,0.5463,0.5561999999999999,FAIL,2024-12-29 17:30:00+05:30,-60.043668122270184
2024-12-29 12:00:00+05:30,EIGENUSDT,BUY,3.459,3.43,3.517,PASS,2024-12-29 12:45:00+05:30,167.6785198034109
2024-12-29 12:00:00+05:30,FUNUSDT,BUY,0.004892,0.004865,0.004945999999999998,FAIL,2024-12-29 14:45:00+05:30,-55.19215044971229
2024-12-29 12:00:00+05:30,JASMYUSDT,BUY,0.03471,0.03436,0.03540999999999999,FAIL,2024-12-29 17:15:00+05:30,-100.83549409391995
2024-12-29 12:00:00+05:30,RVNUSDT,BUY,0.02172,0.0215,0.022160000000000003,FAIL,2024-12-29 16:45:00+05:30,-101.28913443830638
2024-12-29 12:00:00+05:30,UMAUSDT,BUY,2.795,2.777,2.8309999999999995,FAIL,2024-12-29 14:45:00+05:30,-64.40071556350553
2024-12-29 12:00:00+05:30,XECUSDT,BUY,3.564e-05,3.546e-05,3.599999999999999e-05,FAIL,2024-12-29 17:30:00+05:30,-50.50505050504907
2024-12-29 12:00:00+05:30,YGGUSDT,BUY,0.5143,0.5108,0.5212999999999999,FAIL,2024-12-29 14:30:00+05:30,-68.05366517596632
2024-12-29 12:15:00+05:30,AIUSDT,BUY,0.6353,0.6285,0.6489,FAIL,2024-12-29 14:00:00+05:30,-107.03604596253783
2024-12-29 12:15:00+05:30,C98USDT,BUY,0.1795,0.1778,0.18289999999999995,FAIL,2024-12-29 16:30:00+05:30,-94.70752089136376
2024-12-29 12:15:00+05:30,FXSUSDT,BUY,3.927,3.902,3.977,FAIL,2024-12-29 14:30:00+05:30,-63.6618283677105
2024-12-29 12:15:00+05:30,HBARUSDT,BUY,0.29013,0.28734,0.29571000000000003,PASS,2024-12-29 13:15:00+05:30,192.32757729293866
2024-12-29 12:15:00+05:30,PROMUSDT,BUY,6.534,6.404,6.794,PASS,2024-12-29 18:45:00+05:30,397.9185797367612
2024-12-29 14:45:00+05:30,AAVEUSDT,BUY,339.02,337.34,342.38,FAIL,2024-12-29 18:30:00+05:30,-49.55459854875839
2024-12-29 15:00:00+05:30,APTUSDT,BUY,9.17,9.09,9.33,FAIL,2024-12-29 17:15:00+05:30,-87.2410032715377
2024-12-29 15:00:00+05:30,DATAUSDT,BUY,0.05038,0.04979,0.05156,FAIL,2024-12-29 18:00:00+05:30,-117.10996427153637
2024-12-29 15:00:00+05:30,MDTUSDT,BUY,0.06791,0.06731,0.06911,FAIL,2024-12-29 15:30:00+05:30,-88.35223089383057
2024-12-29 15:00:00+05:30,QTUMUSDT,BUY,3.238,3.218,3.278,FAIL,2024-12-29 17:15:00+05:30,-61.766522544780784
2024-12-29 15:00:00+05:30,RAREUSDT,BUY,0.117,0.1162,0.11860000000000002,FAIL,2024-12-29 16:45:00+05:30,-68.37606837606914
2024-12-29 15:00:00+05:30,REQUSDT,BUY,0.1355,0.1311,0.14430000000000004,FAIL,2024-12-29 15:45:00+05:30,-324.72324723247345
2024-12-29 15:00:00+05:30,VIDTUSDT,BUY,0.03198,0.03177,0.032400000000000005,PASS,2024-12-29 15:30:00+05:30,131.33208255159587
2024-12-29 15:15:00+05:30,BANDUSDT,BUY,1.496,1.485,1.5179999999999998,FAIL,2024-12-29 17:15:00+05:30,-73.52941176470522
2024-12-29 15:15:00+05:30,CLVUSDT,BUY,0.0675,0.067,0.0685,PASS,2024-12-29 19:15:00+05:30,148.14814814814827
2024-12-29 15:15:00+05:30,KAIAUSDT,BUY,0.2081,0.207,0.21030000000000004,FAIL,2024-12-29 16:45:00+05:30,-52.859202306584216
2024-12-29 15:15:00+05:30,LRCUSDT,BUY,0.2043,0.2031,0.20670000000000002,FAIL,2024-12-29 16:30:00+05:30,-58.737151248164785
2024-12-29 15:15:00+05:30,MOVRUSDT,BUY,14.315,14.188,14.568999999999997,FAIL,2024-12-29 16:30:00+05:30,-88.71812783793146
2024-12-29 15:15:00+05:30,SNTUSDT,BUY,0.0434,0.04319,0.043820000000000005,FAIL,2024-12-29 16:30:00+05:30,-48.38709677419398
2024-12-29 15:15:00+05:30,ZILUSDT,BUY,0.02182,0.02164,0.02218,FAIL,2024-12-29 16:30:00+05:30,-82.49312557286875
2024-12-29 17:30:00+05:30,ATAUSDT,BUY,0.1696,0.1658,0.1772,FAIL,2024-12-29 18:00:00+05:30,-224.05660377358478
2024-12-29 17:30:00+05:30,COWUSDT,BUY,0.9784,0.9535,1.0282,PASS,2024-12-29 22:45:00+05:30,508.9942763695825
2024-12-29 17:30:00+05:30,NMRUSDT,BUY,16.36,16.22,16.64,FAIL,2024-12-29 18:00:00+05:30,-85.57457212713972
2024-12-29 17:30:00+05:30,XVGUSDT,BUY,0.014403,0.014023,0.015162999999999996,FAIL,2024-12-29 18:30:00+05:30,-263.83392348816113
2024-12-29 17:45:00+05:30,VICUSDT,BUY,0.416,0.4142,0.4195999999999999,FAIL,2024-12-29 18:00:00+05:30,-43.269230769230006
2024-12-29 18:30:00+05:30,JASMYUSDT,BUY,0.03442,0.03401,0.03524,FAIL,2024-12-29 20:00:00+05:30,-119.11679256246389
2024-12-29 18:30:00+05:30,QKCUSDT,BUY,0.010187,0.010064,0.010433,PASS,2024-12-29 18:45:00+05:30,241.48424462550278
2024-12-29 18:45:00+05:30,CTSIUSDT,BUY,0.1644,0.1632,0.16679999999999995,FAIL,2024-12-29 20:00:00+05:30,-72.99270072992573
2024-12-29 18:45:00+05:30,KAIAUSDT,BUY,0.2063,0.2051,0.20870000000000002,FAIL,2024-12-29 20:00:00+05:30,-58.16771691711132
2024-12-29 19:00:00+05:30,ALPHAUSDT,BUY,0.0856,0.0847,0.08739999999999999,FAIL,2024-12-29 20:30:00+05:30,-105.14018691588763
2024-12-29 19:15:00+05:30,AIUSDT,BUY,0.626,0.6175,0.6429999999999999,FAIL,2024-12-29 20:00:00+05:30,-135.7827476038331
2024-12-29 19:15:00+05:30,ENJUSDT,BUY,0.2275,0.225,0.2325,FAIL,2024-12-29 20:00:00+05:30,-109.89010989010998
2024-12-29 19:15:00+05:30,GUSDT,BUY,0.03227,0.03179,0.03323,FAIL,2024-12-29 20:00:00+05:30,-148.74496436318603
2024-12-29 19:15:00+05:30,JSTUSDT,BUY,0.03926,0.03913,0.03952000000000001,FAIL,2024-12-29 20:00:00+05:30,-33.11258278145825
2024-12-29 19:15:00+05:30,LDOUSDT,BUY,1.806,1.789,1.8400000000000003,FAIL,2024-12-29 20:00:00+05:30,-94.13067552602506
2024-12-29 19:15:00+05:30,LITUSDT,BUY,0.964,0.951,0.99,FAIL,2024-12-29 22:00:00+05:30,-134.8547717842325
2024-12-29 19:15:00+05:30,METISUSDT,BUY,45.28,44.93,45.980000000000004,FAIL,2024-12-29 19:45:00+05:30,-77.29681978798618
2024-12-29 19:15:00+05:30,POLYXUSDT,BUY,0.271,0.2691,0.27480000000000004,FAIL,2024-12-29 20:00:00+05:30,-70.11070110701154
2024-12-29 19:15:00+05:30,SCUSDT,BUY,0.005633,0.005588,0.005723,FAIL,2024-12-29 20:00:00+05:30,-79.8863838096927
2024-12-29 19:15:00+05:30,SUPERUSDT,BUY,1.5051,1.4864,1.5425000000000004,FAIL,2024-12-29 21:30:00+05:30,-124.24423626337226
2024-12-29 19:15:00+05:30,TAOUSDT,BUY,464.2,460.5,471.59999999999997,FAIL,2024-12-29 20:00:00+05:30,-79.70702283498468
2024-12-29 19:15:00+05:30,XECUSDT,BUY,3.535e-05,3.51e-05,3.585e-05,FAIL,2024-12-29 19:45:00+05:30,-70.72135785007053
2024-12-29 19:15:00+05:30,XTZUSDT,BUY,1.372,1.362,1.3920000000000001,FAIL,2024-12-29 20:00:00+05:30,-72.88629737609335
2024-12-29 19:30:00+05:30,DFUSDT,SELL,0.0983,0.11381,0.06728,OPEN,2025-01-01 03:30:00+05:30,963.3774160732444
2024-12-29 19:30:00+05:30,RAYUSDT,BUY,5.105,5.048,5.219000000000001,FAIL,2024-12-29 19:45:00+05:30,-111.65523996082347
2024-12-29 20:45:00+05:30,HIVEUSDT,BUY,0.4316,0.4101,0.4745999999999999,FAIL,2024-12-29 23:30:00+05:30,-498.14643188137086
2024-12-29 20:45:00+05:30,ROSEUSDT,BUY,0.08941,0.08841,0.09141,FAIL,2024-12-29 21:45:00+05:30,-111.84431271669844
2024-12-29 20:45:00+05:30,VIBUSDT,BUY,0.10072,0.0988,0.10456000000000001,FAIL,2024-12-29 21:30:00+05:30,-190.62748212867405
2024-12-29 21:30:00+05:30,AEURUSDT,BUY,1.031,1.0283,1.0363999999999998,FAIL,2024-12-29 22:30:00+05:30,-26.188166828321286
2024-12-29 22:00:00+05:30,DEXEUSDT,BUY,13.442,13.264,13.798000000000002,PASS,2024-12-29 22:30:00+05:30,264.84154143728733
2024-12-29 22:30:00+05:30,AAVEUSDT,BUY,333.67,329.21,342.5900000000001,FAIL,2024-12-30 01:30:00+05:30,-133.6649983516659
2024-12-29 22:45:00+05:30,VIBUSDT,BUY,0.09919,0.09812,0.10133,PASS,2024-12-29 23:00:00+05:30,215.7475551970968
2024-12-29 23:15:00+05:30,BICOUSDT,BUY,0.3166,0.314,0.3218,FAIL,2024-12-30 03:15:00+05:30,-82.12255211623471
2024-12-29 23:15:00+05:30,EOSUSDT,BUY,0.7898,0.7866,0.7961999999999999,FAIL,2024-12-29 23:45:00+05:30,-40.516586477589016
2024-12-29 23:15:00+05:30,PEOPLEUSDT,BUY,0.04398,0.04373,0.04448,FAIL,2024-12-30 00:00:00+05:30,-56.8440200090951
2024-12-29 23:15:00+05:30,PORTALUSDT,BUY,0.315,0.3136,0.3178,FAIL,2024-12-29 23:30:00+05:30,-44.444444444444834
2024-12-29 23:15:00+05:30,POWRUSDT,BUY,0.2655,0.264,0.2685,PASS,2024-12-30 00:45:00+05:30,112.99435028248597
2024-12-29 23:15:00+05:30,RIFUSDT,BUY,0.1068,0.106,0.10840000000000002,FAIL,2024-12-30 00:00:00+05:30,-74.90636704119935
2024-12-29 23:15:00+05:30,SUNUSDT,BUY,0.02496,0.0247,0.02548,FAIL,2024-12-30 03:30:00+05:30,-104.16666666666659
2024-12-30 00:00:00+05:30,GRTUSDT,BUY,0.2079,0.2066,0.2105,FAIL,2024-12-30 01:30:00+05:30,-62.53006253006232
2024-12-30 00:00:00+05:30,JUVUSDT,BUY,1.658,1.646,1.682,FAIL,2024-12-30 01:00:00+05:30,-72.37635705669489
2024-12-30 00:15:00+05:30,ALCXUSDT,BUY,19.61,19.52,19.79,FAIL,2024-12-30 01:45:00+05:30,-45.894951555328845
2024-12-30 00:30:00+05:30,AUCTIONUSDT,BUY,17.42,17.29,17.680000000000007,FAIL,2024-12-30 01:30:00+05:30,-74.62686567164326
2024-12-30 00:30:00+05:30,HIVEUSDT,BUY,0.417,0.4057,0.43959999999999994,PASS,2024-12-30 01:45:00+05:30,541.966426858512
2024-12-30 00:45:00+05:30,AUDIOUSDT,BUY,0.1599,0.1586,0.16249999999999998,FAIL,2024-12-30 01:45:00+05:30,-81.30081300812981
2024-12-30 00:45:00+05:30,HFTUSDT,BUY,0.2109,0.2097,0.21330000000000002,FAIL,2024-12-30 01:30:00+05:30,-56.89900426742564
2024-12-30 00:45:00+05:30,LUMIAUSDT,BUY,1.346,1.333,1.3720000000000003,FAIL,2024-12-30 01:00:00+05:30,-96.58246656760863
2024-12-30 00:45:00+05:30,NKNUSDT,BUY,0.1019,0.1009,0.1039,FAIL,2024-12-30 01:45:00+05:30,-98.13542688910705
2024-12-30 00:45:00+05:30,PROMUSDT,BUY,6.496,6.447,6.594000000000001,FAIL,2024-12-30 01:30:00+05:30,-75.4310344827592
2024-12-30 02:15:00+05:30,CHESSUSDT,BUY,0.1992,0.1966,0.20439999999999997,FAIL,2024-12-30 03:30:00+05:30,-130.5220883534132
2024-12-30 02:15:00+05:30,HBARUSDT,BUY,0.28104,0.27716,0.2888,FAIL,2024-12-30 03:15:00+05:30,-138.05863933959557
2024-12-30 02:15:00+05:30,IOTAUSDT,BUY,0.2937,0.291,0.2991000000000001,FAIL,2024-12-30 03:30:00+05:30,-91.93054136874481
2024-12-30 02:15:00+05:30,NTRNUSDT,BUY,0.3673,0.362,0.37790000000000007,FAIL,2024-12-30 03:45:00+05:30,-144.29621562755315
2024-12-30 02:15:00+05:30,PORTOUSDT,BUY,1.588,1.566,1.6320000000000001,FAIL,2024-12-30 03:45:00+05:30,-138.5390428211588
2024-12-30 02:15:00+05:30,RVNUSDT,BUY,0.02079,0.02055,0.02127,FAIL,2024-12-30 03:30:00+05:30,-115.44011544011575
2024-12-30 02:15:00+05:30,SUIUSDT,BUY,4.1165,4.0557,4.238100000000001,FAIL,2024-12-30 03:30:00+05:30,-147.69828738005685
2024-12-30 02:15:00+05:30,SXPUSDT,BUY,0.299,0.2958,0.30539999999999995,FAIL,2024-12-30 03:30:00+05:30,-107.0234113712368
2024-12-30 02:15:00+05:30,THETAUSDT,BUY,2.344,2.314,2.4039999999999995,FAIL,2024-12-30 03:30:00+05:30,-127.98634812286606
2024-12-30 02:15:00+05:30,USUALUSDT,BUY,1.0422,1.0238,1.079,PASS,2024-12-30 06:15:00+05:30,353.0992132028396
2024-12-30 05:00:00+05:30,ARUSDT,BUY,16.16,16.02,16.44,PASS,2024-12-30 06:45:00+05:30,173.26732673267398
2024-12-30 05:00:00+05:30,BARUSDT,BUY,2.245,2.228,2.279,PASS,2024-12-30 06:45:00+05:30,151.4476614699323
2024-12-30 05:00:00+05:30,STRAXUSDT,BUY,0.07318,0.07204,0.07545999999999997,FAIL,2024-12-30 05:30:00+05:30,-155.7802678327396
2024-12-30 05:00:00+05:30,TKOUSDT,BUY,0.477,0.4718,0.48739999999999994,PASS,2024-12-30 06:45:00+05:30,218.02935010482108
2024-12-30 05:45:00+05:30,PAXGUSDT,BUY,2654.0,2648.0,2666.0,FAIL,2024-12-30 13:00:00+05:30,-22.607385079125848
2024-12-30 08:15:00+05:30,COWUSDT,BUY,0.9632,0.9426,1.0044,FAIL,2024-12-30 09:00:00+05:30,-213.87043189368723
2024-12-30 08:45:00+05:30,ROSEUSDT,SELL,0.09298,0.09486,0.08921999999999998,PASS,2024-12-30 16:15:00+05:30,404.38804043880555
2024-12-30 09:30:00+05:30,DEXEUSDT,BUY,12.933,12.756,13.286999999999999,FAIL,2024-12-30 12:45:00+05:30,-136.85919740199458
2024-12-30 09:30:00+05:30,VIDTUSDT,SELL,0.03258,0.03319,0.03136,FAIL,2024-12-30 11:45:00+05:30,-187.23143032535282
2024-12-30 09:45:00+05:30,KAVAUSDT,SELL,0.477,0.4829,0.46519999999999995,FAIL,2024-12-30 11:30:00+05:30,-123.68972746331272
2024-12-30 09:45:00+05:30,TKOUSDT,SELL,0.4903,0.496,0.47890000000000005,FAIL,2024-12-30 11:45:00+05:30,-116.25535386498028
2024-12-30 09:45:00+05:30,WAXPUSDT,SELL,0.04267,0.04314,0.04173,FAIL,2024-12-30 11:45:00+05:30,-110.14764471525619
2024-12-30 10:30:00+05:30,OMUSDT,BUY,3.621,3.5733,3.7163999999999997,FAIL,2024-12-30 12:15:00+05:30,-131.73156586578253
2024-12-30 11:15:00+05:30,BTCUSDT,BUY,93581.53,93240.03,94264.53,PASS,2024-12-30 17:45:00+05:30,72.98448743037221
2024-12-30 11:15:00+05:30,GTCUSDT,BUY,0.795,0.78,0.8250000000000001,FAIL,2024-12-30 14:45:00+05:30,-188.67924528301904
2024-12-30 11:15:00+05:30,PIVXUSDT,BUY,0.3426,0.3369,0.3540000000000001,FAIL,2024-12-30 15:00:00+05:30,-166.37478108581547
2024-12-30 11:30:00+05:30,ADAUSDT,BUY,0.8726,0.8612,0.8954000000000002,FAIL,2024-12-30 18:45:00+05:30,-130.64405225762178
2024-12-30 11:30:00+05:30,ADXUSDT,BUY,0.2293,0.2272,0.23349999999999999,FAIL,2024-12-30 13:00:00+05:30,-91.58307893589144
2024-12-30 11:30:00+05:30,AGLDUSDT,BUY,2.486,2.399,2.6600000000000006,PASS,2024-12-30 12:30:00+05:30,699.9195494770731
2024-12-30 11:30:00+05:30,AIUSDT,BUY,0.6044,0.596,0.6212000000000002,FAIL,2024-12-30 14:30:00+05:30,-138.98080741231095
2024-12-30 11:30:00+05:30,COMBOUSDT,BUY,0.4541,0.4465,0.4693,FAIL,2024-12-30 15:00:00+05:30,-167.3640167364016
2024-12-30 11:30:00+05:30,ERNUSDT,BUY,2.779,2.741,2.8549999999999995,FAIL,2024-12-30 14:45:00+05:30,-136.7398344728313
2024-12-30 11:30:00+05:30,RONINUSDT,BUY,1.913,1.891,1.957,FAIL,2024-12-30 14:45:00+05:30,-115.00261369576592
2024-12-30 11:30:00+05:30,STORJUSDT,BUY,0.496,0.4909,0.5062,FAIL,2024-12-30 12:30:00+05:30,-102.82258064516115
2024-12-30 11:30:00+05:30,VETUSDT,BUY,0.04567,0.04476,0.047490000000000004,FAIL,2024-12-30 16:30:00+05:30,-199.25552879351895
2024-12-30 11:30:00+05:30,VOXELUSDT,BUY,0.184,0.181,0.19,FAIL,2024-12-30 16:00:00+05:30,-163.0434782608697
2024-12-30 11:30:00+05:30,XLMUSDT,BUY,0.3403,0.3352,0.3505,FAIL,2024-12-30 13:00:00+05:30,-149.86776373787816
2024-12-30 12:45:00+05:30,TUSDT,SELL,0.02801,0.02836,0.02731,FAIL,2024-12-30 13:30:00+05:30,-124.95537308104235
2024-12-30 13:00:00+05:30,FLUXUSDT,SELL,0.6482,0.6595,0.6256,FAIL,2024-12-30 18:30:00+05:30,-174.3289108299904
2024-12-30 14:45:00+05:30,UTKUSDT,BUY,0.09464,0.09182,0.10028000000000001,FAIL,2024-12-30 19:00:00+05:30,-297.97125950972134
2024-12-30 15:15:00+05:30,CRVUSDT,BUY,0.9569,0.9427,0.9853,FAIL,2024-12-30 16:30:00+05:30,-148.39586163653453
2024-12-30 15:15:00+05:30,ZENUSDT,BUY,28.38,27.87,29.399999999999995,FAIL,2024-12-30 16:45:00+05:30,-179.70401691331853
2024-12-30 15:30:00+05:30,COWUSDT,BUY,0.9395,0.9259,0.9667000000000001,FAIL,2024-12-30 19:15:00+05:30,-144.75784992017088
2024-12-30 15:30:00+05:30,IOTXUSDT,BUY,0.03839,0.03801,0.03915,PASS,2024-12-30 17:45:00+05:30,197.96822089085617
2024-12-30 15:30:00+05:30,KSMUSDT,BUY,34.35,34.08,34.89000000000001,FAIL,2024-12-30 16:30:00+05:30,-78.60262008733714
2024-12-30 15:30:00+05:30,XTZUSDT,BUY,1.343,1.334,1.3609999999999998,FAIL,2024-12-30 16:15:00+05:30,-67.01414743112358
2024-12-30 15:45:00+05:30,BBUSDT,BUY,0.4281,0.4244,0.43549999999999994,FAIL,2024-12-30 16:00:00+05:30,-86.4284045783691
2024-12-30 15:45:00+05:30,SUIUSDT,BUY,4.0987,4.0751,4.1459,FAIL,2024-12-30 16:00:00+05:30,-57.57923243955417
2024-12-30 16:45:00+05:30,STPTUSDT,BUY,0.05468,0.05369,0.056659999999999995,FAIL,2024-12-30 20:00:00+05:30,-181.05340160936316
2024-12-30 16:45:00+05:30,WUSDT,BUY,0.2975,0.2922,0.30809999999999993,FAIL,2024-12-30 19:15:00+05:30,-178.15126050420074
2024-12-30 17:00:00+05:30,FARMUSDT,BUY,47.93,47.0,49.79,FAIL,2024-12-30 19:15:00+05:30,-194.03296474024614
2024-12-30 17:00:00+05:30,PROSUSDT,BUY,0.5882,0.57,0.6245999999999999,FAIL,2024-12-30 19:30:00+05:30,-309.41856511390677
2024-12-30 17:15:00+05:30,1INCHUSDT,BUY,0.3978,0.3926,0.40819999999999995,FAIL,2024-12-30 18:45:00+05:30,-130.71895424836558
2024-12-30 17:15:00+05:30,ALPACAUSDT,BUY,0.173,0.1702,0.17859999999999998,FAIL,2024-12-30 19:00:00+05:30,-161.8497109826588
2024-12-30 17:15:00+05:30,ALTUSDT,BUY,0.11461,0.11313,0.11757000000000002,FAIL,2024-12-30 18:45:00+05:30,-129.13358345694172
2024-12-30 17:15:00+05:30,AMBUSDT,BUY,0.00754,0.00743,0.0077599999999999995,FAIL,2024-12-30 18:45:00+05:30,-145.88859416445604
2024-12-30 17:15:00+05:30,ATMUSDT,BUY,2.117,2.09,2.1710000000000003,FAIL,2024-12-30 18:45:00+05:30,-127.53897024090757
2024-12-30 17:15:00+05:30,BELUSDT,BUY,0.5841,0.5758,0.6006999999999999,FAIL,2024-12-30 19:00:00+05:30,-142.09895565827728
2024-12-30 17:15:00+05:30,CELOUSDT,BUY,0.671,0.6609,0.6912,FAIL,2024-12-30 18:45:00+05:30,-150.52160953800293
2024-12-30 17:15:00+05:30,CHRUSDT,BUY,0.2318,0.2283,0.2388,FAIL,2024-12-30 19:00:00+05:30,-150.99223468507347
2024-12-30 17:15:00+05:30,CTSIUSDT,BUY,0.1586,0.1566,0.1626,FAIL,2024-12-30 19:00:00+05:30,-126.1034047919295
2024-12-30 17:15:00+05:30,ENAUSDT,BUY,0.9913,0.9713,1.0312999999999999,FAIL,2024-12-30 18:30:00+05:30,-201.75527085645018
2024-12-30 17:15:00+05:30,IOSTUSDT,BUY,0.006689,0.006603,0.006860999999999998,FAIL,2024-12-30 18:45:00+05:30,-128.56929286888814
2024-12-30 17:15:00+05:30,LEVERUSDT,BUY,0.001837,0.001804,0.0019030000000000002,FAIL,2024-12-30 19:15:00+05:30,-179.6407185628745
2024-12-30 17:15:00+05:30,LISTAUSDT,BUY,0.4241,0.4188,0.4346999999999999,FAIL,2024-12-30 19:00:00+05:30,-124.97052581938156
2024-12-30 17:15:00+05:30,LOKAUSDT,BUY,0.2243,0.2214,0.23009999999999997,FAIL,2024-12-30 19:00:00+05:30,-129.2911279536329
2024-12-30 17:15:00+05:30,LSKUSDT,BUY,0.955,0.942,0.981,FAIL,2024-12-30 18:45:00+05:30,-136.1256544502619
2024-12-30 17:15:00+05:30,MANAUSDT,BUY,0.4869,0.4807,0.49929999999999997,FAIL,2024-12-30 18:45:00+05:30,-127.33620866707707
2024-12-30 17:15:00+05:30,MANTAUSDT,BUY,0.838,0.826,0.862,FAIL,2024-12-30 19:00:00+05:30,-143.19809069212425
2024-12-30 17:15:00+05:30,MEUSDT,BUY,3.298,3.246,3.402,FAIL,2024-12-30 19:00:00+05:30,-157.67131594906016
2024-12-30 17:15:00+05:30,MLNUSDT,BUY,19.97,19.68,20.549999999999997,FAIL,2024-12-30 19:00:00+05:30,-145.21782674010976
2024-12-30 17:15:00+05:30,NFPUSDT,BUY,0.2786,0.2748,0.28620000000000007,FAIL,2024-12-30 18:45:00+05:30,-136.3962670495343
2024-12-30 17:15:00+05:30,NKNUSDT,BUY,0.1008,0.0993,0.1038,FAIL,2024-12-30 18:45:00+05:30,-148.80952380952394
2024-12-30 17:15:00+05:30,OGNUSDT,BUY,0.1253,0.1236,0.12869999999999998,FAIL,2024-12-30 19:00:00+05:30,-135.67438148443682
2024-12-30 17:15:00+05:30,OMNIUSDT,BUY,8.11,8.01,8.309999999999999,FAIL,2024-12-30 19:00:00+05:30,-123.30456226880352
2024-12-30 17:15:00+05:30,PIXELUSDT,BUY,0.1587,0.1564,0.1633,FAIL,2024-12-30 19:00:00+05:30,-144.92753623188383
2024-12-30 17:15:00+05:30,ROSEUSDT,BUY,0.08992,0.08884,0.09208,FAIL,2024-12-30 18:30:00+05:30,-120.10676156583604
2024-12-30 17:15:00+05:30,SKLUSDT,BUY,0.04951,0.04882,0.05088999999999999,FAIL,2024-12-30 18:45:00+05:30,-139.36578468996086
2024-12-30 17:15:00+05:30,TLMUSDT,BUY,0.0135,0.01329,0.01392,FAIL,2024-12-30 19:00:00+05:30,-155.55555555555566
2024-12-30 17:15:00+05:30,UMAUSDT,BUY,2.722,2.682,2.802,FAIL,2024-12-30 19:00:00+05:30,-146.95077149155046
2024-12-30 17:15:00+05:30,VANRYUSDT,BUY,0.1098,0.1083,0.1128,FAIL,2024-12-30 18:45:00+05:30,-136.61202185792362
2024-12-30 17:15:00+05:30,VITEUSDT,BUY,0.01331,0.01295,0.014030000000000003,FAIL,2024-12-30 19:00:00+05:30,-270.4733283245687
2024-12-30 17:15:00+05:30,XAIUSDT,BUY,0.2321,0.2289,0.23850000000000002,FAIL,2024-12-30 18:45:00+05:30,-137.87160706592022
2024-12-30 17:30:00+05:30,BEAMXUSDT,BUY,0.02618,0.02591,0.026719999999999997,FAIL,2024-12-30 18:30:00+05:30,-103.13216195569115
2024-12-30 17:30:00+05:30,CELRUSDT,BUY,0.02191,0.02169,0.022349999999999995,FAIL,2024-12-30 18:30:00+05:30,-100.41077133728798
2024-12-30 17:30:00+05:30,DCRUSDT,BUY,15.61,15.37,16.09,FAIL,2024-12-30 18:45:00+05:30,-153.74759769378616
2024-12-30 17:30:00+05:30,FLUXUSDT,BUY,0.6414,0.6333,0.6576,PASS,2024-12-30 18:30:00+05:30,252.57249766136565
2024-12-30 17:30:00+05:30,ICXUSDT,BUY,0.1843,0.1824,0.18809999999999996,FAIL,2024-12-30 19:15:00+05:30,-103.09278350515383
2024-12-30 17:30:00+05:30,ONTUSDT,BUY,0.2391,0.2371,0.2431,FAIL,2024-12-30 18:45:00+05:30,-83.64700961940618
2024-12-30 17:30:00+05:30,PIVXUSDT,BUY,0.319,0.3128,0.3314,FAIL,2024-12-30 18:45:00+05:30,-194.35736677115935
2024-12-30 17:30:00+05:30,QTUMUSDT,BUY,3.124,3.107,3.158,FAIL,2024-12-30 18:30:00+05:30,-54.41741357234284
2024-12-30 17:30:00+05:30,SNTUSDT,BUY,0.04187,0.04159,0.04242999999999999,FAIL,2024-12-30 18:15:00+05:30,-66.87365655600563
2024-12-30 17:45:00+05:30,ADXUSDT,BUY,0.219,0.2147,0.2276,FAIL,2024-12-30 18:30:00+05:30,-196.34703196347024
2024-12-30 17:45:00+05:30,CVCUSDT,BUY,0.1913,0.1903,0.1933,FAIL,2024-12-30 18:00:00+05:30,-52.27391531625724
2024-12-30 19:15:00+05:30,USDPUSDT,BUY,1.0024,1.0015,1.0041999999999998,PASS,2024-12-31 16:15:00+05:30,17.95690343176179
2024-12-30 19:45:00+05:30,FISUSDT,BUY,0.469,0.4627,0.4815999999999999,FAIL,2024-12-30 20:00:00+05:30,-134.32835820895463
2024-12-30 19:45:00+05:30,FUNUSDT,BUY,0.004727,0.004694,0.004793,FAIL,2024-12-30 20:00:00+05:30,-69.81171990691779
2024-12-30 19:45:00+05:30,PEOPLEUSDT,BUY,0.04479,0.04387,0.04663000000000001,FAIL,2024-12-30 20:00:00+05:30,-205.4029917392284
2024-12-30 19:45:00+05:30,PROSUSDT,BUY,0.5746,0.5687,0.5864,FAIL,2024-12-30 20:00:00+05:30,-102.68012530455998
2024-12-30 20:00:00+05:30,PROMUSDT,BUY,6.138,6.048,6.318,PASS,2024-12-31 00:15:00+05:30,293.2551319648089
2024-12-30 20:15:00+05:30,AEURUSDT,BUY,1.0305,1.0283,1.0349,FAIL,2024-12-30 20:30:00+05:30,-21.34885977680718
2024-12-30 20:30:00+05:30,1000SATSUSDT,BUY,0.00018,0.0001755,0.000189,FAIL,2024-12-30 22:15:00+05:30,-250.00000000000003
2024-12-30 20:30:00+05:30,DATAUSDT,BUY,0.04703,0.04619,0.04871,FAIL,2024-12-30 22:00:00+05:30,-178.60939825643214
2024-12-30 20:30:00+05:30,UTKUSDT,BUY,0.09021,0.08784,0.09494999999999999,FAIL,2024-12-30 22:00:00+05:30,-262.7203192550712
2024-12-30 20:30:00+05:30,ZECUSDT,BUY,58.39,57.23,60.71000000000001,FAIL,2024-12-31 03:00:00+05:30,-198.66415482103162
2024-12-30 21:00:00+05:30,BIFIUSDT,BUY,341.4,338.0,348.19999999999993,FAIL,2024-12-30 21:45:00+05:30,-99.58992384299876
2024-12-30 21:00:00+05:30,CVCUSDT,BUY,0.1884,0.1847,0.19580000000000003,PASS,2024-12-30 23:30:00+05:30,392.78131634819624
2024-12-30 21:00:00+05:30,MOVRUSDT,BUY,12.383,12.242,12.664999999999996,PASS,2024-12-30 23:00:00+05:30,227.73156747153072
2024-12-30 21:15:00+05:30,AERGOUSDT,BUY,0.146,0.1444,0.14919999999999997,PASS,2024-12-30 22:45:00+05:30,219.17808219177948
2024-12-30 21:15:00+05:30,CITYUSDT,BUY,1.885,1.861,1.933,PASS,2024-12-30 23:45:00+05:30,254.64190981432384
2024-12-30 21:15:00+05:30,HOTUSDT,BUY,0.002323,0.002294,0.002381,PASS,2024-12-30 23:00:00+05:30,249.67714162720574
2024-12-30 21:30:00+05:30,LQTYUSDT,BUY,1.827,1.801,1.879,PASS,2024-12-31 00:15:00+05:30,284.61959496442284
2024-12-30 21:45:00+05:30,IOTAUSDT,BUY,0.2805,0.2787,0.2841000000000001,FAIL,2024-12-30 22:15:00+05:30,-64.17112299465325
2024-12-30 21:45:00+05:30,RSRUSDT,BUY,0.013486,0.013252,0.013954,PASS,2024-12-30 23:15:00+05:30,347.02654604775296
2024-12-30 22:30:00+05:30,APEUSDT,BUY,1.181,1.165,1.213,PASS,2024-12-30 23:00:00+05:30,270.9568162574092
2024-12-30 22:30:00+05:30,COSUSDT,BUY,0.00743,0.007359,0.007572,PASS,2024-12-30 23:00:00+05:30,191.11709286675605
2024-12-30 22:30:00+05:30,CVXUSDT,BUY,4.734,4.67,4.862,PASS,2024-12-30 23:00:00+05:30,270.38445289395884
2024-12-30 22:30:00+05:30,HMSTRUSDT,BUY,0.002932,0.00289,0.003016,PASS,2024-12-30 23:00:00+05:30,286.4938608458386
2024-12-30 22:30:00+05:30,OXTUSDT,BUY,0.1141,0.1129,0.11649999999999998,PASS,2024-12-30 23:00:00+05:30,210.3418054338287
2024-12-30 22:30:00+05:30,ZROUSDT,BUY,5.114,5.05,5.242,PASS,2024-12-30 23:00:00+05:30,250.2933124755575
2024-12-30 22:45:00+05:30,BOMEUSDT,BUY,0.006217,0.006083,0.006485000000000001,PASS,2024-12-31 01:30:00+05:30,431.0760817114378
2024-12-30 22:45:00+05:30,DOGSUSDT,BUY,0.0005243,0.0005122,0.0005485,FAIL,2024-12-31 07:45:00+05:30,-230.78390234598558
2024-12-30 22:45:00+05:30,NEIROUSDT,BUY,0.00097645,0.00095257,0.00102421,FAIL,2024-12-31 03:00:00+05:30,-244.5593732397972
2024-12-30 22:45:00+05:30,PAXGUSDT,BUY,2624.0,2620.0,2632.0,FAIL,2024-12-31 05:00:00+05:30,-15.24390243902439
2024-12-30 22:45:00+05:30,SANTOSUSDT,BUY,3.221,3.191,3.2810000000000006,PASS,2024-12-30 23:15:00+05:30,186.27755355479817
2024-12-30 23:00:00+05:30,STEEMUSDT,BUY,0.2463,0.2416,0.2556999999999999,FAIL,2024-12-31 02:45:00+05:30,-190.8241981323582
2024-12-30 23:00:00+05:30,VIBUSDT,BUY,0.09687,0.09407,0.10246999999999999,FAIL,2024-12-31 05:45:00+05:30,-289.0471766284708
2024-12-31 01:45:00+05:30,SUIUSDT,SELL,4.2839,4.3748,4.102100000000001,PASS,2024-12-31 06:15:00+05:30,424.3796540535472
2024-12-31 02:00:00+05:30,BNSOLUSDT,SELL,199.7,201.0,197.09999999999997,PASS,2024-12-31 03:00:00+05:30,130.19529293941025
2024-12-31 02:00:00+05:30,CATIUSDT,SELL,0.3806,0.3853,0.37120000000000003,PASS,2024-12-31 03:00:00+05:30,246.97845507093967
2024-12-31 02:00:00+05:30,GHSTUSDT,SELL,1.072,1.082,1.052,PASS,2024-12-31 03:00:00+05:30,186.56716417910465
2024-12-31 02:00:00+05:30,GUSDT,SELL,0.03145,0.03175,0.030849999999999995,PASS,2024-12-31 03:00:00+05:30,190.77901430842715
2024-12-31 02:00:00+05:30,NULSUSDT,SELL,0.4144,0.4197,0.40379999999999994,PASS,2024-12-31 03:00:00+05:30,255.7915057915071
2024-12-31 02:00:00+05:30,OXTUSDT,SELL,0.12,0.1218,0.11639999999999998,PASS,2024-12-31 06:30:00+05:30,300.0000000000017
2024-12-31 02:00:00+05:30,PDAUSDT,SELL,0.04609,0.0466,0.04506999999999999,PASS,2024-12-31 02:45:00+05:30,221.30614016055696
2024-12-31 02:00:00+05:30,QIUSDT,SELL,0.01691,0.01707,0.016590000000000008,PASS,2024-12-31 03:00:00+05:30,189.23713778828733
2024-12-31 02:00:00+05:30,SAGAUSDT,SELL,1.4588,1.4769,1.4226,PASS,2024-12-31 03:00:00+05:30,248.1491636961887
2024-12-31 02:00:00+05:30,SFPUSDT,SELL,0.7285,0.733,0.7195000000000001,PASS,2024-12-31 03:00:00+05:30,123.54152367879063
2024-12-31 02:00:00+05:30,SOLUSDT,SELL,195.09,196.47,192.33,PASS,2024-12-31 03:00:00+05:30,141.47316623096984
2024-12-31 02:00:00+05:30,STORJUSDT,SELL,0.4903,0.4949,0.4811,PASS,2024-12-31 03:00:00+05:30,187.64022027330176
2024-12-31 02:00:00+05:30,TNSRUSDT,SELL,0.4599,0.4658,0.44809999999999994,PASS,2024-12-31 03:00:00+05:30,256.5775168514902
2024-12-31 02:00:00+05:30,VIDTUSDT,SELL,0.03268,0.03298,0.03208,PASS,2024-12-31 03:00:00+05:30,183.5985312117513
2024-12-31 02:15:00+05:30,DYDXUSDT,SELL,1.5405,1.5596,1.5022999999999997,PASS,2024-12-31 03:00:00+05:30,247.9714378448571
2024-12-31 02:15:00+05:30,POWRUSDT,SELL,0.2623,0.2651,0.25669999999999993,PASS,2024-12-31 03:00:00+05:30,213.49599695005907
2024-12-31 02:30:00+05:30,ATMUSDT,SELL,2.136,2.156,2.096,PASS,2024-12-31 03:00:00+05:30,187.2659176029964
2024-12-31 02:30:00+05:30,BNXUSDT,SELL,0.4144,0.4195,0.4042,PASS,2024-12-31 03:15:00+05:30,246.13899613899582
2024-12-31 02:30:00+05:30,CRVUSDT,SELL,0.9573,0.9725,0.9269000000000001,PASS,2024-12-31 03:00:00+05:30,317.55980361433177
2024-12-31 02:30:00+05:30,ENSUSDT,SELL,33.91,34.27,33.18999999999998,PASS,2024-12-31 03:00:00+05:30,212.32674727219495
2024-12-31 02:30:00+05:30,IOTAUSDT,SELL,0.2965,0.3016,0.2863,PASS,2024-12-31 05:30:00+05:30,344.0134907251261
2024-12-31 02:30:00+05:30,MANAUSDT,SELL,0.4879,0.4932,0.47729999999999995,PASS,2024-12-31 03:00:00+05:30,217.25763476122265
2024-12-31 02:30:00+05:30,OPUSDT,SELL,1.863,1.877,1.835,PASS,2024-12-31 03:00:00+05:30,150.29522275899103
2024-12-31 02:30:00+05:30,QKCUSDT,SELL,0.009913,0.010002,0.009734999999999999,PASS,2024-12-31 03:15:00+05:30,179.5621910622426
2024-12-31 02:30:00+05:30,QTUMUSDT,SELL,3.131,3.163,3.0669999999999997,PASS,2024-12-31 03:00:00+05:30,204.40753752794652
2024-12-31 02:30:00+05:30,REQUSDT,SELL,0.1254,0.1265,0.12320000000000003,PASS,2024-12-31 03:15:00+05:30,175.43859649122643
2024-12-31 02:30:00+05:30,RVNUSDT,SELL,0.02085,0.02106,0.020430000000000004,PASS,2024-12-31 03:00:00+05:30,201.43884892086174
2024-12-31 02:30:00+05:30,SANDUSDT,SELL,0.5578,0.5651,0.5431999999999998,PASS,2024-12-31 03:00:00+05:30,261.7425600573713
2024-12-31 03:45:00+05:30,PONDUSDT,BUY,0.02429,0.02374,0.025389999999999996,FAIL,2024-12-31 09:15:00+05:30,-226.43062988884247
2024-12-31 04:30:00+05:30,OMUSDT,BUY,3.4373,3.4,3.5119000000000002,PASS,2024-12-31 05:30:00+05:30,217.03080906525537
2024-12-31 04:45:00+05:30,IDEXUSDT,BUY,0.06761,0.06702,0.06879000000000002,FAIL,2024-12-31 06:45:00+05:30,-87.26519745599869
2024-12-31 04:45:00+05:30,ZENUSDT,BUY,27.74,27.4,28.419999999999998,FAIL,2024-12-31 05:30:00+05:30,-122.56669069935107
2024-12-31 07:15:00+05:30,ADAUSDT,BUY,0.8582,0.8511,0.8724,FAIL,2024-12-31 08:30:00+05:30,-82.73129806571889
2024-12-31 07:15:00+05:30,ASRUSDT,BUY,1.958,1.945,1.9839999999999998,FAIL,2024-12-31 07:45:00+05:30,-66.39427987742545
2024-12-31 07:15:00+05:30,BALUSDT,BUY,2.502,2.475,2.555999999999999,PASS,2024-12-31 13:45:00+05:30,215.82733812949394
2024-12-31 07:15:00+05:30,COSUSDT,BUY,0.007436,0.007371,0.007566,FAIL,2024-12-31 09:15:00+05:30,-87.41258741258736
2024-12-31 07:15:00+05:30,DGBUSDT,BUY,0.01087,0.01079,0.01103,FAIL,2024-12-31 08:30:00+05:30,-73.59705611775549
2024-12-31 07:15:00+05:30,IOUSDT,BUY,2.791,2.736,2.9009999999999994,FAIL,2024-12-31 10:15:00+05:30,-197.06198495162923
2024-12-31 07:15:00+05:30,TRXUSDT,BUY,0.2526,0.2514,0.25499999999999995,PASS,2024-12-31 14:00:00+05:30,95.0118764845589
2024-12-31 07:15:00+05:30,UNIUSDT,BUY,13.291,13.145,13.583000000000002,FAIL,2024-12-31 09:15:00+05:30,-109.84876984425611
2024-12-31 07:30:00+05:30,AAVEUSDT,BUY,314.29,310.66,321.55,FAIL,2024-12-31 10:15:00+05:30,-115.49842502147682
2024-12-31 07:30:00+05:30,NEXOUSDT,BUY,1.266,1.258,1.282,PASS,2024-12-31 13:45:00+05:30,126.38230647709332
2024-12-31 07:45:00+05:30,EIGENUSDT,BUY,3.623,3.581,3.7070000000000007,PASS,2024-12-31 08:30:00+05:30,231.85205630692937
2024-12-31 07:45:00+05:30,PIVXUSDT,BUY,0.315,0.3127,0.31960000000000005,FAIL,2024-12-31 10:15:00+05:30,-73.01587301587378
2024-12-31 07:45:00+05:30,POWRUSDT,SELL,0.2716,0.2829,0.24900000000000005,FAIL,2024-12-31 12:15:00+05:30,-416.0530191458018
2024-12-31 07:45:00+05:30,TAOUSDT,BUY,443.2,439.5,450.59999999999997,FAIL,2024-12-31 10:15:00+05:30,-83.48375451263513
2024-12-31 07:45:00+05:30,THEUSDT,BUY,1.4497,1.4332,1.4827,FAIL,2024-12-31 09:45:00+05:30,-113.81665172104546
2024-12-31 08:00:00+05:30,BEAMXUSDT,BUY,0.02527,0.02509,0.02563,FAIL,2024-12-31 08:30:00+05:30,-71.23070834982177
2024-12-31 08:00:00+05:30,CTXCUSDT,BUY,0.2542,0.2509,0.2607999999999999,FAIL,2024-12-31 10:45:00+05:30,-129.81904012588396
2024-12-31 08:00:00+05:30,HOOKUSDT,BUY,0.4241,0.4185,0.43529999999999996,FAIL,2024-12-31 10:15:00+05:30,-132.044329167649
2024-12-31 08:00:00+05:30,INJUSDT,BUY,19.72,19.56,20.04,FAIL,2024-12-31 10:15:00+05:30,-81.13590263691691
2024-12-31 08:00:00+05:30,JTOUSDT,BUY,3.213,3.179,3.2810000000000006,FAIL,2024-12-31 10:15:00+05:30,-105.8201058201066
2024-12-31 08:00:00+05:30,KNCUSDT,BUY,0.5371,0.5322,0.5469,FAIL,2024-12-31 08:30:00+05:30,-91.23068329919968
2024-12-31 08:00:00+05:30,MAGICUSDT,BUY,0.4274,0.424,0.43420000000000003,FAIL,2024-12-31 09:00:00+05:30,-79.55077211043552
2024-12-31 08:00:00+05:30,NULSUSDT,BUY,0.3977,0.3943,0.4045,FAIL,2024-12-31 09:45:00+05:30,-85.49157656525055
2024-12-31 08:00:00+05:30,OSMOUSDT,BUY,0.4375,0.435,0.4425,FAIL,2024-12-31 10:15:00+05:30,-57.142857142857196
2024-12-31 08:00:00+05:30,PYRUSDT,BUY,3.039,3.016,3.0850000000000004,FAIL,2024-12-31 08:45:00+05:30,-75.6827903915766
2024-12-31 08:00:00+05:30,RPLUSDT,BUY,11.53,11.43,11.729999999999999,FAIL,2024-12-31 09:15:00+05:30,-86.73026886383317
2024-12-31 08:00:00+05:30,SEIUSDT,BUY,0.3953,0.3923,0.4013,FAIL,2024-12-31 10:00:00+05:30,-75.89172780166969
2024-12-31 08:00:00+05:30,SPELLUSDT,BUY,0.0007284,0.0007231,0.0007390000000000002,FAIL,2024-12-31 08:30:00+05:30,-72.76221856123112
2024-12-31 08:00:00+05:30,SUPERUSDT,BUY,1.3656,1.3538,1.3892,FAIL,2024-12-31 08:30:00+05:30,-86.40890451083797
2024-12-31 08:00:00+05:30,WAXPUSDT,BUY,0.04053,0.04018,0.04122999999999999,FAIL,2024-12-31 10:15:00+05:30,-86.35578583765019
2024-12-31 09:30:00+05:30,BANANAUSDT,BUY,37.15,36.98,37.49,FAIL,2024-12-31 10:00:00+05:30,-45.76043068640692
2024-12-31 09:30:00+05:30,KDAUSDT,BUY,0.9244,0.9153,0.9426,FAIL,2024-12-31 10:00:00+05:30,-98.44223279965381
2024-12-31 11:00:00+05:30,FTMUSDT,BUY,0.7312,0.7195,0.7545999999999998,FAIL,2024-12-31 12:00:00+05:30,-160.01094091903627
2024-12-31 11:30:00+05:30,ACTUSDT,BUY,0.2586,0.2564,0.26299999999999996,PASS,2024-12-31 13:45:00+05:30,170.1469450889389
2024-12-31 11:30:00+05:30,JTOUSDT,BUY,3.204,3.163,3.286000000000001,PASS,2024-12-31 20:45:00+05:30,255.93008739076384
2024-12-31 11:45:00+05:30,DFUSDT,BUY,0.08902,0.0864,0.09426,PASS,2024-12-31 13:30:00+05:30,588.6317681419899
2024-12-31 13:15:00+05:30,FISUSDT,BUY,0.4676,0.465,0.4728,PASS,2024-12-31 13:30:00+05:30,111.20615911035036
2024-12-31 13:15:00+05:30,QNTUSDT,BUY,105.2,103.9,107.8,PASS,2024-12-31 14:00:00+05:30,247.14828897338347
2024-12-31 13:30:00+05:30,EIGENUSDT,BUY,3.643,3.579,3.770999999999999,PASS,2024-12-31 19:15:00+05:30,351.35877024430204
2024-12-31 13:30:00+05:30,KAVAUSDT,BUY,0.4534,0.452,0.45620000000000005,PASS,2024-12-31 13:45:00+05:30,61.75562417291629
2024-12-31 13:30:00+05:30,KSMUSDT,BUY,33.32,32.99,33.98,PASS,2024-12-31 13:45:00+05:30,198.07923169267605
2024-12-31 13:30:00+05:30,LQTYUSDT,BUY,1.826,1.806,1.866,PASS,2024-12-31 13:45:00+05:30,219.05805038335177
2024-12-31 13:30:00+05:30,SCRUSDT,BUY,0.972,0.959,0.998,PASS,2024-12-31 13:45:00+05:30,267.4897119341566
2024-12-31 13:30:00+05:30,TFUELUSDT,BUY,0.06291,0.06239,0.06394999999999998,PASS,2024-12-31 13:45:00+05:30,165.31553012239476
2024-12-31 13:45:00+05:30,CTXCUSDT,BUY,0.2519,0.2463,0.26310000000000006,OPEN,2025-01-01 03:30:00+05:30,-131.00436681222806
2024-12-31 14:45:00+05:30,AGLDUSDT,BUY,2.67,2.602,2.806,FAIL,2024-12-31 17:00:00+05:30,-254.68164794007512
2024-12-31 15:15:00+05:30,SXPUSDT,BUY,0.3454,0.3393,0.3576,FAIL,2024-12-31 16:00:00+05:30,-176.60683265778792
2024-12-31 15:30:00+05:30,DUSKUSDT,SELL,0.2415,0.2478,0.2289,FAIL,2024-12-31 16:00:00+05:30,-260.8695652173913
2024-12-31 15:30:00+05:30,EDUUSDT,SELL,0.5347,0.5399,0.5242999999999998,FAIL,2024-12-31 18:45:00+05:30,-97.2507948382288
2024-12-31 15:30:00+05:30,MASKUSDT,SELL,2.921,2.94,2.8829999999999996,FAIL,2024-12-31 16:00:00+05:30,-65.04621704895628
2024-12-31 16:45:00+05:30,TRBUSDT,SELL,64.83,65.57,63.35000000000001,FAIL,2024-12-31 19:30:00+05:30,-114.14468610211244
2024-12-31 17:00:00+05:30,AMPUSDT,BUY,0.007571,0.007506,0.0077009999999999995,PASS,2024-12-31 19:15:00+05:30,171.70783251882173
2024-12-31 18:15:00+05:30,DOGEUSDT,SELL,0.31955,0.32243,0.31379,FAIL,2024-12-31 18:45:00+05:30,-90.12674072915017
2024-12-31 18:15:00+05:30,FILUSDT,SELL,4.965,5.031,4.833,FAIL,2024-12-31 18:45:00+05:30,-132.93051359516582
2024-12-31 18:15:00+05:30,LISTAUSDT,SELL,0.4175,0.4248,0.4028999999999999,FAIL,2024-12-31 18:45:00+05:30,-174.8502994011983
2024-12-31 18:15:00+05:30,STXUSDT,SELL,1.565,1.599,1.4969999999999999,FAIL,2024-12-31 18:45:00+05:30,-217.2523961661344
2024-12-31 18:30:00+05:30,AGLDUSDT,BUY,2.599,2.548,2.7010000000000005,FAIL,2024-12-31 18:45:00+05:30,-196.22931896883475
2024-12-31 18:30:00+05:30,ELFUSDT,SELL,0.4516,0.4555,0.4438,PASS,2024-12-31 23:00:00+05:30,172.7192205491592
2024-12-31 18:45:00+05:30,SLFUSDT,BUY,0.3289,0.3239,0.33890000000000003,FAIL,2024-12-31 23:00:00+05:30,-152.02189115232605
2024-12-31 20:00:00+05:30,SUPERUSDT,SELL,1.4117,1.4229,1.3892999999999998,PASS,2024-12-31 21:30:00+05:30,158.67393922221575
2024-12-31 20:00:00+05:30,WINGUSDT,SELL,5.894,5.954,5.774000000000001,PASS,2024-12-31 23:00:00+05:30,203.5968781811999
2024-12-31 20:30:00+05:30,RENDERUSDT,SELL,7.031,7.128,6.836999999999999,PASS,2024-12-31 23:00:00+05:30,275.9209216327704
2024-12-31 20:30:00+05:30,REZUSDT,SELL,0.03666,0.03715,0.03567999999999999,PASS,2024-12-31 23:00:00+05:30,267.3213311511208
2024-12-31 20:30:00+05:30,VETUSDT,SELL,0.04479,0.04555,0.04327000000000001,PASS,2024-12-31 23:00:00+05:30,339.3614646126353
2024-12-31 21:00:00+05:30,WIFUSDT,SELL,1.912,1.954,1.8279999999999998,OPEN,2025-01-01 03:30:00+05:30,183.0543933054389
2024-12-31 21:45:00+05:30,THETAUSDT,SELL,2.365,2.398,2.2990000000000004,PASS,2024-12-31 23:00:00+05:30,279.06976744185977
2024-12-31 23:00:00+05:30,PEOPLEUSDT,SELL,0.04643,0.04797,0.04335,OPEN,2025-01-01 03:30:00+05:30,-10.768899418479739
2025-01-01 00:00:00+05:30,SUNUSDT,BUY,0.02451,0.02428,0.024970000000000003,OPEN,2025-01-01 03:30:00+05:30,-89.75928192574517
2025-01-01 00:15:00+05:30,FXSUSDT,BUY,3.514,3.48,3.5819999999999994,OPEN,2025-01-01 03:30:00+05:30,14.228799089357821
2025-01-01 00:30:00+05:30,AEURUSDT,BUY,1.0218,1.0197,1.026,FAIL,2025-01-01 01:15:00+05:30,-20.551967116852524
2025-01-01 00:30:00+05:30,USUALUSDT,BUY,0.9038,0.8951,0.9212000000000001,OPEN,2025-01-01 03:30:00+05:30,69.70568709891538
2025-01-01 00:30:00+05:30,VELODROMEUSDT,BUY,0.1769,0.1752,0.18030000000000002,FAIL,2025-01-01 02:45:00+05:30,-96.09949123798796
2025-01-01 00:45:00+05:30,DEXEUSDT,BUY,14.563,14.168,15.353000000000003,OPEN,2025-01-01 03:30:00+05:30,22.660166174551588
2025-01-01 01:30:00+05:30,AERGOUSDT,SELL,0.1708,0.1827,0.14700000000000002,OPEN,2025-01-01 03:30:00+05:30,76.11241217798569
2025-01-01 01:45:00+05:30,ZECUSDT,BUY,56.52,56.08,57.40000000000001,OPEN,2025-01-01 03:30:00+05:30,-49.53998584571853
2025-01-01 02:15:00+05:30,MAVUSDT,BUY,0.2001,0.1983,0.2037,OPEN,2025-01-01 03:30:00+05:30,-29.985007496251345
2025-01-01 02:30:00+05:30,CTKUSDT,BUY,0.78,0.7717,0.7966,OPEN,2025-01-01 03:30:00+05:30,-48.71794871794904
2025-01-01 03:00:00+05:30,ALPACAUSDT,BUY,0.1671,0.1658,0.1697,OPEN,2025-01-01 03:30:00+05:30,-41.89108318372269
2025-01-01 03:00:00+05:30,MLNUSDT,BUY,18.9,18.77,19.159999999999997,FAIL,2025-01-01 03:15:00+05:30,-68.78306878306826
2025-01-01 03:00:00+05:30,NEARUSDT,BUY,4.959,4.898,5.0809999999999995,OPEN,2025-01-01 03:30:00+05:30,-8.066142367411897
